player_id,name,first_name,last_name,active,height,weight,position,team_id,team,age,from_year
1000,LeBron James,LeBron,James,True,"6'9""",250,SF/PF,1610612747,Los Angeles Lakers,39,2010
1001,Anthony Davis,Anthony,Davis,True,"6'10""",253,PF/C,1610612747,Los Angeles Lakers,31,2022
1002,D'Angelo Russell,D'Angelo,Russell,True,"6'4""",193,PG,1610612747,Los Angeles Lakers,28,2020
1003,Austin Reaves,Austin,Reaves,True,"6'5""",197,SG,1610612747,Los Angeles Lakers,25,2018
1004,Rui Hachimura,Rui,Hachimura,True,"6'8""",230,PF,1610612747,Los Angeles Lakers,26,2011
1005,Jayson Tatum,Jayson,Tatum,True,"6'8""",210,SF/PF,1610612738,Boston Celtics,26,2011
1006,Jaylen Brown,Jaylen,Brown,True,"6'6""",223,SG/SF,1610612738,Boston Celtics,27,2010
1007,Jrue Holiday,Jrue,Holiday,True,"6'4""",205,PG/SG,1610612738,Boston Celtics,33,2022
1008,Kristaps Porzingis,Kristaps,Porzingis,True,"7'2""",240,C/PF,1610612738,Boston Celtics,28,2010
1009,Derrick White,Derrick,White,True,"6'4""",190,PG/SG,1610612738,Boston Celtics,29,2020
1010,Stephen Curry,Stephen,Curry,True,"6'2""",185,PG,1610612744,Golden State Warriors,36,2011
1011,Klay Thompson,Klay,Thompson,True,"6'6""",215,SG,1610612744,Golden State Warriors,34,2020
1012,Draymond Green,Draymond,Green,True,"6'6""",230,PF,1610612744,Golden State Warriors,34,2014
1013,Andrew Wiggins,Andrew,Wiggins,True,"6'7""",197,SF,1610612744,Golden State Warriors,29,2013
1014,Jonathan Kuminga,Jonathan,Kuminga,True,"6'7""",210,PF,1610612744,Golden State Warriors,21,2023
1015,Giannis Antetokounmpo,Giannis,Antetokounmpo,True,"6'11""",242,PF,1610612749,Milwaukee Bucks,29,2016
1016,Damian Lillard,Damian,Lillard,True,"6'2""",195,PG,1610612749,Milwaukee Bucks,33,2021
1017,Khris Middleton,Khris,Middleton,True,"6'7""",222,SF,1610612749,Milwaukee Bucks,32,2018
1018,Brook Lopez,Brook,Lopez,True,"7'0""",282,C,1610612749,Milwaukee Bucks,36,2020
1019,Bobby Portis,Bobby,Portis,True,"6'10""",250,PF/C,1610612749,Milwaukee Bucks,29,2018
1020,Nikola Jokic,Nikola,Jokic,True,"6'11""",284,C,1610612743,Denver Nuggets,29,2019
1021,Jamal Murray,Jamal,Murray,True,"6'4""",215,PG,1610612743,Denver Nuggets,27,2017
1022,Michael Porter Jr.,Michael,Porter Jr.,True,"6'10""",218,SF,1610612743,Denver Nuggets,25,2017
1023,Aaron Gordon,Aaron,Gordon,True,"6'8""",235,PF,1610612743,Denver Nuggets,28,2015
1024,Kentavious Caldwell-Pope,Kentavious,Caldwell-Pope,True,"6'5""",204,SG,1610612743,Denver Nuggets,31,2012
1025,Atlanta Hawks Player 1,Atlanta,Hawks Player 1,True,6'10,205,PG,1610612737,Atlanta Hawks,24,2014
1026,Atlanta Hawks Player 2,Atlanta,Hawks Player 2,True,7'10,245,SG,1610612737,Atlanta Hawks,20,2010
1027,Atlanta Hawks Player 3,Atlanta,Hawks Player 3,True,6'8,225,SF,1610612737,Atlanta Hawks,21,2015
1028,Cleveland Cavaliers Player 1,Cleveland,Cavaliers Player 1,True,7'9,183,PG,1610612739,Cleveland Cavaliers,31,2018
1029,Cleveland Cavaliers Player 2,Cleveland,Cavaliers Player 2,True,5'10,181,SG,1610612739,Cleveland Cavaliers,35,2010
1030,Cleveland Cavaliers Player 3,Cleveland,Cavaliers Player 3,True,5'11,246,SF,1610612739,Cleveland Cavaliers,28,2014
1031,New Orleans Pelicans Player 1,New,Orleans Pelicans Player 1,True,5'8,254,PG,1610612740,New Orleans Pelicans,20,2018
1032,New Orleans Pelicans Player 2,New,Orleans Pelicans Player 2,True,6'10,204,SG,1610612740,New Orleans Pelicans,30,2011
1033,New Orleans Pelicans Player 3,New,Orleans Pelicans Player 3,True,6'0,273,SF,1610612740,New Orleans Pelicans,30,2022
1034,Chicago Bulls Player 1,Chicago,Bulls Player 1,True,7'2,264,PG,1610612741,Chicago Bulls,24,2023
1035,Chicago Bulls Player 2,Chicago,Bulls Player 2,True,6'4,231,SG,1610612741,Chicago Bulls,33,2020
1036,Chicago Bulls Player 3,Chicago,Bulls Player 3,True,5'10,223,SF,1610612741,Chicago Bulls,21,2017
1037,Luka Doncic,Luka,Doncic,True,"6'7""",230,PG/SF,1610612742,Dallas Mavericks,25,2010
1038,Kyrie Irving,Kyrie,Irving,True,"6'2""",195,PG,1610612742,Dallas Mavericks,32,2020
1039,Tim Hardaway Jr.,Tim,Hardaway Jr.,True,"6'5""",205,SG/SF,1610612742,Dallas Mavericks,32,2019
1040,Houston Rockets Player 1,Houston,Rockets Player 1,True,6'11,200,PG,1610612745,Houston Rockets,29,2023
1041,Houston Rockets Player 2,Houston,Rockets Player 2,True,5'4,241,SG,1610612745,Houston Rockets,26,2010
1042,Houston Rockets Player 3,Houston,Rockets Player 3,True,6'1,251,SF,1610612745,Houston Rockets,24,2022
1043,Los Angeles Clippers Player 1,Los,Angeles Clippers Player 1,True,7'9,275,PG,1610612746,Los Angeles Clippers,26,2012
1044,Los Angeles Clippers Player 2,Los,Angeles Clippers Player 2,True,6'11,220,SG,1610612746,Los Angeles Clippers,24,2023
1045,Los Angeles Clippers Player 3,Los,Angeles Clippers Player 3,True,5'3,274,SF,1610612746,Los Angeles Clippers,20,2022
1046,Miami Heat Player 1,Miami,Heat Player 1,True,6'8,258,PG,1610612748,Miami Heat,21,2020
1047,Miami Heat Player 2,Miami,Heat Player 2,True,7'4,231,SG,1610612748,Miami Heat,23,2018
1048,Miami Heat Player 3,Miami,Heat Player 3,True,7'1,227,SF,1610612748,Miami Heat,20,2024
1049,Minnesota Timberwolves Player 1,Minnesota,Timberwolves Player 1,True,5'10,254,PG,1610612750,Minnesota Timberwolves,20,2012
1050,Minnesota Timberwolves Player 2,Minnesota,Timberwolves Player 2,True,6'3,236,SG,1610612750,Minnesota Timberwolves,25,2014
1051,Minnesota Timberwolves Player 3,Minnesota,Timberwolves Player 3,True,5'6,254,SF,1610612750,Minnesota Timberwolves,25,2012
1052,Brooklyn Nets Player 1,Brooklyn,Nets Player 1,True,6'11,222,PG,1610612751,Brooklyn Nets,30,2018
1053,Brooklyn Nets Player 2,Brooklyn,Nets Player 2,True,7'8,195,SG,1610612751,Brooklyn Nets,32,2019
1054,Brooklyn Nets Player 3,Brooklyn,Nets Player 3,True,5'4,196,SF,1610612751,Brooklyn Nets,20,2019
1055,New York Knicks Player 1,New,York Knicks Player 1,True,6'11,280,PG,1610612752,New York Knicks,22,2010
1056,New York Knicks Player 2,New,York Knicks Player 2,True,6'7,208,SG,1610612752,New York Knicks,21,2017
1057,New York Knicks Player 3,New,York Knicks Player 3,True,7'0,263,SF,1610612752,New York Knicks,32,2010
1058,Orlando Magic Player 1,Orlando,Magic Player 1,True,5'11,183,PG,1610612753,Orlando Magic,30,2022
1059,Orlando Magic Player 2,Orlando,Magic Player 2,True,5'3,243,SG,1610612753,Orlando Magic,35,2016
1060,Orlando Magic Player 3,Orlando,Magic Player 3,True,7'6,240,SF,1610612753,Orlando Magic,20,2015
1061,Indiana Pacers Player 1,Indiana,Pacers Player 1,True,5'11,261,PG,1610612754,Indiana Pacers,25,2018
1062,Indiana Pacers Player 2,Indiana,Pacers Player 2,True,6'8,232,SG,1610612754,Indiana Pacers,25,2024
1063,Indiana Pacers Player 3,Indiana,Pacers Player 3,True,7'5,219,SF,1610612754,Indiana Pacers,20,2012
1064,Joel Embiid,Joel,Embiid,True,"7'0""",280,C,1610612755,Philadelphia 76ers,30,2021
1065,Tyrese Maxey,Tyrese,Maxey,True,"6'2""",200,PG,1610612755,Philadelphia 76ers,23,2018
1066,Tobias Harris,Tobias,Harris,True,"6'8""",226,PF,1610612755,Philadelphia 76ers,31,2015
1067,Kevin Durant,Kevin,Durant,True,"6'10""",240,SF/PF,1610612756,Phoenix Suns,35,2019
1068,Devin Booker,Devin,Booker,True,"6'5""",206,SG,1610612756,Phoenix Suns,27,2010
1069,Bradley Beal,Bradley,Beal,True,"6'4""",207,SG,1610612756,Phoenix Suns,30,2017
1070,Portland Trail Blazers Player 1,Portland,Trail Blazers Player 1,True,5'11,218,PG,1610612757,Portland Trail Blazers,27,2010
1071,Portland Trail Blazers Player 2,Portland,Trail Blazers Player 2,True,7'8,249,SG,1610612757,Portland Trail Blazers,27,2019
1072,Portland Trail Blazers Player 3,Portland,Trail Blazers Player 3,True,6'5,183,SF,1610612757,Portland Trail Blazers,25,2019
1073,Sacramento Kings Player 1,Sacramento,Kings Player 1,True,7'8,218,PG,1610612758,Sacramento Kings,22,2021
1074,Sacramento Kings Player 2,Sacramento,Kings Player 2,True,7'4,248,SG,1610612758,Sacramento Kings,33,2017
1075,Sacramento Kings Player 3,Sacramento,Kings Player 3,True,5'4,255,SF,1610612758,Sacramento Kings,25,2015
1076,San Antonio Spurs Player 1,San,Antonio Spurs Player 1,True,6'10,204,PG,1610612759,San Antonio Spurs,30,2023
1077,San Antonio Spurs Player 2,San,Antonio Spurs Player 2,True,6'4,235,SG,1610612759,San Antonio Spurs,29,2019
1078,San Antonio Spurs Player 3,San,Antonio Spurs Player 3,True,7'0,235,SF,1610612759,San Antonio Spurs,30,2014
1079,Oklahoma City Thunder Player 1,Oklahoma,City Thunder Player 1,True,6'5,221,PG,1610612760,Oklahoma City Thunder,23,2015
1080,Oklahoma City Thunder Player 2,Oklahoma,City Thunder Player 2,True,5'5,261,SG,1610612760,Oklahoma City Thunder,29,2013
1081,Oklahoma City Thunder Player 3,Oklahoma,City Thunder Player 3,True,6'10,205,SF,1610612760,Oklahoma City Thunder,29,2019
1082,Toronto Raptors Player 1,Toronto,Raptors Player 1,True,7'6,217,PG,1610612761,Toronto Raptors,30,2022
1083,Toronto Raptors Player 2,Toronto,Raptors Player 2,True,7'1,183,SG,1610612761,Toronto Raptors,35,2024
1084,Toronto Raptors Player 3,Toronto,Raptors Player 3,True,5'0,259,SF,1610612761,Toronto Raptors,35,2018
1085,Utah Jazz Player 1,Utah,Jazz Player 1,True,5'2,275,PG,1610612762,Utah Jazz,28,2013
1086,Utah Jazz Player 2,Utah,Jazz Player 2,True,7'3,264,SG,1610612762,Utah Jazz,35,2016
1087,Utah Jazz Player 3,Utah,Jazz Player 3,True,5'8,237,SF,1610612762,Utah Jazz,28,2022
1088,Memphis Grizzlies Player 1,Memphis,Grizzlies Player 1,True,5'5,200,PG,1610612763,Memphis Grizzlies,26,2010
1089,Memphis Grizzlies Player 2,Memphis,Grizzlies Player 2,True,7'3,214,SG,1610612763,Memphis Grizzlies,30,2015
1090,Memphis Grizzlies Player 3,Memphis,Grizzlies Player 3,True,6'10,255,SF,1610612763,Memphis Grizzlies,24,2020
1091,Washington Wizards Player 1,Washington,Wizards Player 1,True,6'8,195,PG,1610612764,Washington Wizards,28,2017
1092,Washington Wizards Player 2,Washington,Wizards Player 2,True,7'7,243,SG,1610612764,Washington Wizards,28,2016
1093,Washington Wizards Player 3,Washington,Wizards Player 3,True,6'3,255,SF,1610612764,Washington Wizards,32,2011
1094,Detroit Pistons Player 1,Detroit,Pistons Player 1,True,5'4,186,PG,1610612765,Detroit Pistons,34,2011
1095,Detroit Pistons Player 2,Detroit,Pistons Player 2,True,7'8,211,SG,1610612765,Detroit Pistons,33,2015
1096,Detroit Pistons Player 3,Detroit,Pistons Player 3,True,5'5,185,SF,1610612765,Detroit Pistons,31,2013
1097,Charlotte Hornets Player 1,Charlotte,Hornets Player 1,True,6'3,237,PG,1610612766,Charlotte Hornets,28,2017
1098,Charlotte Hornets Player 2,Charlotte,Hornets Player 2,True,5'6,242,SG,1610612766,Charlotte Hornets,29,2010
1099,Charlotte Hornets Player 3,Charlotte,Hornets Player 3,True,6'10,217,SF,1610612766,Charlotte Hornets,27,2024
1100,Lamelo Grant,Lamelo,Grant,True,"6'5""",214,SG/C,1610612758,Sacramento Kings,27,2015
1101,Victor VanVleet,Victor,VanVleet,True,"6'5""",213,SG,1610612760,Oklahoma City Thunder,31,2015
1102,Chris Wembanyama,Chris,Wembanyama,True,"6'3""",210,SG,1610612759,San Antonio Spurs,29,2023
1103,Zion Simmons,Zion,Simmons,True,"6'3""",187,SG,1610612754,Indiana Pacers,21,2022
1104,Luka Fournier,Luka,Fournier,True,"6'3""",183,PG/PF,1610612739,Cleveland Cavaliers,28,2021
1105,Nikola Mitchell,Nikola,Mitchell,True,"6'8""",216,SF,1610612753,Orlando Magic,30,2017
1106,Bam Simmons,Bam,Simmons,True,"7'2""",245,C,1610612763,Memphis Grizzlies,28,2016
1107,Anthony Irving,Anthony,Irving,True,"6'6""",213,SF/PG,1610612759,San Antonio Spurs,37,2020
1108,Jayson Adebayo,Jayson,Adebayo,True,"6'7""",213,SF,1610612738,Boston Celtics,22,2016
1109,Evan Fox,Evan,Fox,True,"6'8""",221,PF,1610612746,Los Angeles Clippers,28,2020
1110,Joel Williams,Joel,Williams,True,"7'1""",258,C,1610612761,Toronto Raptors,30,2021
1111,Damian Irving,Damian,Irving,True,"6'11""",281,C,1610612760,Oklahoma City Thunder,36,2013
1112,Bam Herro,Bam,Herro,True,"6'10""",238,PF,1610612746,Los Angeles Clippers,37,2016
1113,Victor Green,Victor,Green,True,"6'4""",188,SG,1610612752,New York Knicks,22,2018
1114,Damian Jokic,Damian,Jokic,True,"6'11""",248,C,1610612758,Sacramento Kings,23,2024
1115,Victor Wall,Victor,Wall,True,"6'2""",177,PG,1610612749,Milwaukee Bucks,22,2015
1116,John Embiid,John,Embiid,True,"6'7""",206,SF/C,1610612755,Philadelphia 76ers,20,2022
1117,Luka Holiday,Luka,Holiday,True,"6'9""",255,C/PF,1610612754,Indiana Pacers,24,2012
1118,Pascal Banchero,Pascal,Banchero,True,"6'1""",176,PG,1610612759,San Antonio Spurs,31,2021
1119,Trae LaVine,Trae,LaVine,True,"6'10""",227,PF,1610612737,Atlanta Hawks,28,2010
1120,Zion Fournier,Zion,Fournier,True,"6'10""",243,PF,1610612747,Los Angeles Lakers,30,2011
1121,Ja VanVleet,Ja,VanVleet,True,"6'1""",193,PG/PF,1610612764,Washington Wizards,19,2023
1122,Ja Holiday,Ja,Holiday,True,"7'0""",252,C,1610612751,Brooklyn Nets,30,2018
1123,Bradley Ingram,Bradley,Ingram,True,"6'7""",234,PF/SF,1610612743,Denver Nuggets,31,2016
1124,Jamal Morant,Jamal,Morant,True,"6'5""",227,SF,1610612740,New Orleans Pelicans,34,2022
1125,Nikola Beal,Nikola,Beal,True,"6'4""",228,SF,1610612746,Los Angeles Clippers,37,2019
1126,Lamelo Brown,Lamelo,Brown,True,"6'7""",243,PF,1610612765,Detroit Pistons,30,2019
1127,Victor Williams,Victor,Williams,True,"6'4""",195,SG,1610612762,Utah Jazz,26,2010
1128,Lamelo Herro,Lamelo,Herro,True,"6'10""",229,PF,1610612758,Sacramento Kings,25,2014
1129,Aaron Beal,Aaron,Beal,True,"6'8""",236,PF,1610612742,Dallas Mavericks,34,2015
1130,Marcus Wembanyama,Marcus,Wembanyama,True,"6'3""",198,PG,1610612751,Brooklyn Nets,21,2017
1131,De'Aaron Murray,De'Aaron,Murray,True,"6'10""",236,PF,1610612744,Golden State Warriors,35,2010
1132,Cade Embiid,Cade,Embiid,True,"6'8""",223,PF,1610612739,Cleveland Cavaliers,21,2017
1133,Jimmy Tatum,Jimmy,Tatum,True,"6'5""",205,SG,1610612749,Milwaukee Bucks,29,2015
1134,Bam Green,Bam,Green,True,"6'5""",217,SF/PF,1610612754,Indiana Pacers,28,2015
1135,Ja Leonard,Ja,Leonard,True,"6'11""",266,C/PF,1610612761,Toronto Raptors,37,2014
1136,Jimmy Williamson,Jimmy,Williamson,True,"6'2""",178,PG,1610612766,Charlotte Hornets,24,2011
1137,James Brown,James,Brown,True,"6'8""",230,PF,1610612762,Utah Jazz,34,2012
1138,Kyrie Jordan,Kyrie,Jordan,True,"6'6""",225,SF,1610612748,Miami Heat,27,2019
1139,Gordon Paul,Gordon,Paul,True,"6'9""",273,C,1610612747,Los Angeles Lakers,27,2014
1140,Kawhi Durant,Kawhi,Durant,True,"6'11""",277,C,1610612758,Sacramento Kings,35,2013
1141,Anthony Williams,Anthony,Williams,True,"7'2""",247,C/SF,1610612759,San Antonio Spurs,29,2022
1142,Victor Herro,Victor,Herro,True,"6'0""",193,PG,1610612744,Golden State Warriors,29,2022
1143,Lou Paul,Lou,Paul,True,"6'2""",186,SG,1610612754,Indiana Pacers,33,2024
1144,Zion Curry,Zion,Curry,True,"6'9""",269,C/SG,1610612738,Boston Celtics,35,2020
1145,Ja Fox,Ja,Fox,True,"7'0""",281,C,1610612737,Atlanta Hawks,31,2016
1146,Lamelo Morant,Lamelo,Morant,True,"6'2""",191,PG,1610612750,Minnesota Timberwolves,25,2014
1147,Michael Brown,Michael,Brown,True,"6'1""",193,PG,1610612758,Sacramento Kings,31,2014
1148,Draymond Leonard,Draymond,Leonard,True,"6'5""",194,SG/PF,1610612758,Sacramento Kings,31,2011
1149,Bradley Beal,Bradley,Beal,True,"7'0""",256,C,1610612742,Dallas Mavericks,21,2022
1150,Bam Wembanyama,Bam,Wembanyama,True,"6'4""",200,SF,1610612742,Dallas Mavericks,23,2019
1151,Victor Westbrook,Victor,Westbrook,True,"6'0""",199,PG,1610612749,Milwaukee Bucks,21,2019
1152,Jrue Irving,Jrue,Irving,True,"6'10""",240,C,1610612752,New York Knicks,34,2024
1153,Cade Booker,Cade,Booker,True,"6'7""",248,PF/PG,1610612742,Dallas Mavericks,30,2019
1154,Malcolm Wembanyama,Malcolm,Wembanyama,True,"6'3""",189,PG,1610612738,Boston Celtics,21,2017
1155,Zion Durant,Zion,Durant,True,"6'3""",201,SG,1610612737,Atlanta Hawks,32,2024
1156,Donovan Westbrook,Donovan,Westbrook,True,"6'7""",232,PF,1610612753,Orlando Magic,35,2011
1157,Kevin Lowry,Kevin,Lowry,True,"6'2""",199,PG,1610612763,Memphis Grizzlies,26,2020
1158,Michael Middleton,Michael,Middleton,True,"6'4""",202,SG/C,1610612742,Dallas Mavericks,29,2012
1159,Donovan Simmons,Donovan,Simmons,True,"6'2""",204,SG/PG,1610612746,Los Angeles Clippers,21,2013
1160,Anthony Adebayo,Anthony,Adebayo,True,"6'8""",228,SF,1610612754,Indiana Pacers,21,2021
1161,Joel Siakam,Joel,Siakam,True,"5'11""",185,PG/SG,1610612754,Indiana Pacers,20,2021
1162,Jamal Banchero,Jamal,Banchero,True,"6'5""",197,SG/PG,1610612744,Golden State Warriors,28,2021
1163,Kyle Antetokounmpo,Kyle,Antetokounmpo,True,"5'11""",194,PG,1610612763,Memphis Grizzlies,21,2015
1164,Trae Beal,Trae,Beal,True,"5'11""",195,PG/C,1610612747,Los Angeles Lakers,21,2010
1165,Malcolm Durant,Malcolm,Durant,True,"6'2""",187,SG,1610612743,Denver Nuggets,27,2013
1166,Kawhi Williamson,Kawhi,Williamson,True,"6'7""",240,PF,1610612748,Miami Heat,23,2023
1167,Damian Cunningham,Damian,Cunningham,True,"6'2""",176,PG/SG,1610612750,Minnesota Timberwolves,19,2010
1168,Marcus Gordon,Marcus,Gordon,True,"6'3""",212,SG,1610612760,Oklahoma City Thunder,24,2021
1169,Jerami Irving,Jerami,Irving,True,"6'7""",242,PF,1610612741,Chicago Bulls,32,2012
1170,Michael Adebayo,Michael,Adebayo,True,"7'0""",256,C,1610612761,Toronto Raptors,34,2015
1171,Bradley Jordan,Bradley,Jordan,True,"6'5""",189,SG,1610612758,Sacramento Kings,37,2020
1172,Jimmy Smart,Jimmy,Smart,True,"6'5""",198,SG,1610612748,Miami Heat,20,2023
1173,Luka Booker,Luka,Booker,True,"6'7""",213,SF/C,1610612744,Golden State Warriors,24,2020
1174,Kyle Westbrook,Kyle,Westbrook,True,"6'4""",200,SG,1610612755,Philadelphia 76ers,19,2020
1175,Khris Hayward,Khris,Hayward,True,"6'0""",191,PG/C,1610612757,Portland Trail Blazers,30,2022
1176,Trae Embiid,Trae,Embiid,True,"7'2""",256,C/SG,1610612751,Brooklyn Nets,25,2019
1177,Cade Young,Cade,Young,True,"6'9""",248,C,1610612760,Oklahoma City Thunder,30,2021
1178,Donovan Irving,Donovan,Irving,True,"6'9""",227,PF,1610612738,Boston Celtics,27,2024
1179,Jerami Simmons,Jerami,Simmons,True,"6'3""",204,SG,1610612738,Boston Celtics,35,2019
1180,Zach Fox,Zach,Fox,True,"6'4""",226,SF/SG,1610612766,Charlotte Hornets,25,2021
1181,Stephen Gordon,Stephen,Gordon,True,"6'4""",207,SG/PF,1610612759,San Antonio Spurs,33,2010
1182,Ben George,Ben,George,True,"6'8""",225,SF,1610612759,San Antonio Spurs,33,2023
1183,Jerami Irving,Jerami,Irving,True,"6'11""",281,C,1610612744,Golden State Warriors,31,2012
1184,Evan Fox,Evan,Fox,True,"6'9""",238,PF/SG,1610612748,Miami Heat,34,2021
1185,De'Aaron Leonard,De'Aaron,Leonard,True,"6'3""",175,PG,1610612740,New Orleans Pelicans,36,2017
1186,Jimmy Adebayo,Jimmy,Adebayo,True,"6'9""",249,PF,1610612741,Chicago Bulls,35,2018
1187,Zion Ingram,Zion,Ingram,True,"6'5""",228,SF,1610612763,Memphis Grizzlies,31,2019
1188,James Leonard,James,Leonard,True,"6'8""",204,SF,1610612748,Miami Heat,21,2010
1189,Jerami Beal,Jerami,Beal,True,"6'6""",225,SF,1610612748,Miami Heat,21,2011
1190,Malcolm Lillard,Malcolm,Lillard,True,"7'1""",256,C,1610612758,Sacramento Kings,31,2019
1191,Nikola Beal,Nikola,Beal,True,"5'10""",184,PG,1610612761,Toronto Raptors,29,2024
1192,Bam Fournier,Bam,Fournier,True,"6'2""",194,SG,1610612758,Sacramento Kings,27,2022
1193,Bradley Grant,Bradley,Grant,True,"6'5""",228,SF/PF,1610612738,Boston Celtics,34,2021
1194,Jerami Booker,Jerami,Booker,True,"7'1""",267,C,1610612755,Philadelphia 76ers,35,2024
1195,Michael Smart,Michael,Smart,True,"6'5""",196,SG/PF,1610612746,Los Angeles Clippers,20,2013
1196,Gordon Cunningham,Gordon,Cunningham,True,"6'3""",185,SG/PG,1610612744,Golden State Warriors,22,2014
1197,Jrue Grant,Jrue,Grant,True,"5'11""",188,PG,1610612752,New York Knicks,30,2018
1198,Khris Young,Khris,Young,True,"6'10""",240,PF,1610612750,Minnesota Timberwolves,23,2018
1199,Jaylen Grant,Jaylen,Grant,True,"6'4""",192,SG,1610612749,Milwaukee Bucks,20,2011
1200,Stephen Durant,Stephen,Durant,True,"6'8""",235,PF,1610612763,Memphis Grizzlies,24,2023
1201,Aaron Fox,Aaron,Fox,True,"6'4""",208,SG,1610612763,Memphis Grizzlies,32,2012
1202,Lou Leonard,Lou,Leonard,True,"6'3""",192,SG,1610612764,Washington Wizards,22,2019
1203,Jimmy Murray,Jimmy,Murray,True,"6'3""",205,SG,1610612760,Oklahoma City Thunder,19,2013
1204,Giannis Ingram,Giannis,Ingram,True,"6'1""",187,PG/SG,1610612766,Charlotte Hornets,24,2020
1205,Lamelo Gordon,Lamelo,Gordon,True,"6'4""",199,SG,1610612754,Indiana Pacers,27,2012
1206,Kyrie Simmons,Kyrie,Simmons,True,"6'7""",230,PF,1610612747,Los Angeles Lakers,30,2013
1207,Paul Wall,Paul,Wall,True,"6'1""",180,PG,1610612754,Indiana Pacers,29,2015
1208,Lamelo Doncic,Lamelo,Doncic,True,"7'1""",286,C/PG,1610612746,Los Angeles Clippers,36,2011
1209,Paolo Westbrook,Paolo,Westbrook,True,"6'4""",224,SF,1610612757,Portland Trail Blazers,36,2015
1210,Victor Williams,Victor,Williams,True,"6'4""",192,SG,1610612760,Oklahoma City Thunder,34,2021
1211,Khris James,Khris,James,True,"7'1""",271,C,1610612760,Oklahoma City Thunder,35,2020
1212,Chris George,Chris,George,True,"6'10""",227,PF,1610612738,Boston Celtics,24,2010
1213,Kyle Jokic,Kyle,Jokic,True,"6'4""",205,SF/C,1610612751,Brooklyn Nets,36,2018
1214,Anthony Lillard,Anthony,Lillard,True,"6'2""",199,PG/C,1610612747,Los Angeles Lakers,29,2018
1215,Nikola Grant,Nikola,Grant,True,"6'10""",244,C/SG,1610612763,Memphis Grizzlies,29,2018
1216,Jamal Young,Jamal,Young,True,"6'2""",195,PG,1610612760,Oklahoma City Thunder,21,2012
1217,Jamal Durant,Jamal,Durant,True,"6'3""",213,SG,1610612755,Philadelphia 76ers,21,2023
1218,Pascal Leonard,Pascal,Leonard,True,"6'11""",260,C/SF,1610612747,Los Angeles Lakers,22,2015
1219,Jerami Beal,Jerami,Beal,True,"6'0""",189,PG,1610612749,Milwaukee Bucks,32,2015
1220,Evan Westbrook,Evan,Westbrook,True,"6'10""",232,PF,1610612757,Portland Trail Blazers,20,2011
1221,Jayson Westbrook,Jayson,Westbrook,True,"6'4""",200,SG,1610612737,Atlanta Hawks,30,2013
1222,Evan Herro,Evan,Herro,True,"6'7""",202,SF,1610612754,Indiana Pacers,32,2024
1223,Jimmy Davis,Jimmy,Davis,True,"6'4""",190,SG,1610612762,Utah Jazz,21,2016
1224,Kawhi James,Kawhi,James,True,"7'2""",283,C,1610612747,Los Angeles Lakers,35,2020
1225,Nikola James,Nikola,James,True,"6'2""",197,SG,1610612747,Los Angeles Lakers,19,2014
1226,De'Aaron Tatum,De'Aaron,Tatum,True,"6'4""",213,SG,1610612743,Denver Nuggets,22,2015
1227,James Brogdon,James,Brogdon,True,"6'8""",232,PF,1610612747,Los Angeles Lakers,26,2016
1228,De'Aaron Hayward,De'Aaron,Hayward,True,"6'5""",228,SF,1610612760,Oklahoma City Thunder,19,2010
1229,Damian Simmons,Damian,Simmons,True,"5'11""",178,PG,1610612746,Los Angeles Clippers,27,2017
1230,Lou Morant,Lou,Morant,True,"6'2""",188,PG,1610612755,Philadelphia 76ers,29,2024
1231,Jimmy Curry,Jimmy,Curry,True,"6'3""",186,SG,1610612744,Golden State Warriors,26,2011
1232,Nikola Murray,Nikola,Murray,True,"7'0""",261,C/SF,1610612744,Golden State Warriors,28,2013
1233,Evan Mitchell,Evan,Mitchell,True,"7'1""",280,C,1610612738,Boston Celtics,19,2016
1234,Cade Brogdon,Cade,Brogdon,True,"6'3""",185,PG,1610612753,Orlando Magic,29,2022
1235,Pascal Butler,Pascal,Butler,True,"6'10""",249,PF,1610612744,Golden State Warriors,31,2012
1236,Gordon Fox,Gordon,Fox,True,"6'6""",219,SF/PG,1610612741,Chicago Bulls,36,2015
1237,Zach Simmons,Zach,Simmons,True,"6'8""",240,PF,1610612745,Houston Rockets,25,2010
1238,Giannis Embiid,Giannis,Embiid,True,"5'10""",193,PG,1610612744,Golden State Warriors,25,2010
1239,Draymond Murray,Draymond,Murray,True,"6'9""",242,PF/SG,1610612754,Indiana Pacers,24,2010
1240,Aaron Antetokounmpo,Aaron,Antetokounmpo,True,"6'5""",187,SG/C,1610612765,Detroit Pistons,25,2024
1241,Malcolm Wall,Malcolm,Wall,True,"6'3""",203,SG/PF,1610612753,Orlando Magic,23,2013
1242,Khris Antetokounmpo,Khris,Antetokounmpo,True,"6'0""",189,PG/SF,1610612739,Cleveland Cavaliers,27,2024
1243,Paul Jokic,Paul,Jokic,True,"6'5""",212,SF/SG,1610612750,Minnesota Timberwolves,32,2015
1244,Brandon Lowry,Brandon,Lowry,True,"6'4""",210,SF/C,1610612757,Portland Trail Blazers,22,2014
1245,Jamal Tatum,Jamal,Tatum,True,"6'2""",187,SG/PG,1610612750,Minnesota Timberwolves,28,2021
1246,Draymond Lillard,Draymond,Lillard,True,"6'7""",206,SF,1610612750,Minnesota Timberwolves,35,2012
1247,Giannis Booker,Giannis,Booker,True,"6'6""",229,SF/PG,1610612749,Milwaukee Bucks,35,2024
1248,Giannis Williams,Giannis,Williams,True,"6'2""",177,PG,1610612766,Charlotte Hornets,21,2023
1249,Nikola Antetokounmpo,Nikola,Antetokounmpo,True,"6'5""",210,SG,1610612765,Detroit Pistons,19,2010
1250,Stephen Brogdon,Stephen,Brogdon,True,"6'11""",271,C,1610612766,Charlotte Hornets,35,2010
1251,Jayson Jokic,Jayson,Jokic,True,"5'10""",192,PG/C,1610612746,Los Angeles Clippers,27,2021
1252,Paul Hayward,Paul,Hayward,True,"6'2""",175,PG,1610612745,Houston Rockets,27,2014
1253,Bradley Holiday,Bradley,Holiday,True,"6'7""",245,PF/SF,1610612758,Sacramento Kings,33,2018
1254,Marcus Gordon,Marcus,Gordon,True,"6'9""",280,C/SF,1610612751,Brooklyn Nets,23,2013
1255,Cade Fox,Cade,Fox,True,"6'6""",215,SF/SG,1610612751,Brooklyn Nets,24,2011
1256,Pascal Tatum,Pascal,Tatum,True,"6'4""",203,SG/PG,1610612750,Minnesota Timberwolves,21,2011
1257,Bam Morant,Bam,Morant,True,"6'8""",218,SF,1610612738,Boston Celtics,37,2020
1258,Marcus Ball,Marcus,Ball,True,"6'7""",230,PF/SF,1610612766,Charlotte Hornets,20,2020
1259,Lou LaVine,Lou,LaVine,True,"6'10""",221,PF,1610612764,Washington Wizards,24,2024
1260,Zach Lowry,Zach,Lowry,True,"6'6""",206,SF/PF,1610612765,Detroit Pistons,22,2013
1261,Giannis Herro,Giannis,Herro,True,"5'10""",180,PG,1610612756,Phoenix Suns,26,2023
1262,Jrue Banchero,Jrue,Banchero,True,"6'1""",199,PG,1610612761,Toronto Raptors,19,2022
1263,Khris Durant,Khris,Durant,True,"6'3""",196,PG,1610612744,Golden State Warriors,22,2023
1264,Jimmy Westbrook,Jimmy,Westbrook,True,"6'6""",200,SF,1610612750,Minnesota Timberwolves,36,2013
1265,Chris Banchero,Chris,Banchero,True,"7'2""",256,C,1610612756,Phoenix Suns,27,2010
1266,Zach Morant,Zach,Morant,True,"6'11""",240,C,1610612748,Miami Heat,20,2016
1267,Zion Adebayo,Zion,Adebayo,True,"6'3""",199,SG,1610612740,New Orleans Pelicans,32,2024
1268,Nikola Jokic,Nikola,Jokic,True,"6'4""",189,SG,1610612747,Los Angeles Lakers,31,2014
1269,Damian Cunningham,Damian,Cunningham,True,"6'7""",225,PF/C,1610612753,Orlando Magic,25,2014
1270,Paul Curry,Paul,Curry,True,"6'5""",202,SG,1610612764,Washington Wizards,22,2022
1271,Ben Brown,Ben,Brown,True,"6'3""",188,SG,1610612741,Chicago Bulls,31,2012
1272,Anthony Davis,Anthony,Davis,True,"6'9""",220,PF,1610612763,Memphis Grizzlies,23,2011
1273,Cade Gordon,Cade,Gordon,True,"6'5""",207,SF/SG,1610612758,Sacramento Kings,22,2021
1274,Brandon Durant,Brandon,Durant,True,"6'4""",220,SF,1610612765,Detroit Pistons,30,2014
1275,John LaVine,John,LaVine,True,"7'1""",287,C/SG,1610612758,Sacramento Kings,34,2012
1276,Brandon Davis,Brandon,Davis,True,"6'3""",188,SG,1610612752,New York Knicks,23,2012
1277,Michael Jordan,Michael,Jordan,True,"6'2""",197,PG,1610612761,Toronto Raptors,34,2023
1278,Jrue Tatum,Jrue,Tatum,True,"6'3""",197,SG,1610612746,Los Angeles Clippers,34,2018
1279,Bradley Fox,Bradley,Fox,True,"7'2""",255,C,1610612738,Boston Celtics,31,2024
1280,Donovan Embiid,Donovan,Embiid,True,"6'1""",185,PG/SG,1610612745,Houston Rockets,37,2023
1281,Khris Booker,Khris,Booker,True,"6'8""",229,PF,1610612761,Toronto Raptors,30,2024
1282,Brandon James,Brandon,James,True,"6'9""",246,PF/PG,1610612753,Orlando Magic,25,2018
1283,Paolo Morant,Paolo,Morant,True,"6'7""",201,SF,1610612745,Houston Rockets,20,2022
1284,Kevin Morant,Kevin,Morant,True,"6'3""",213,SG,1610612739,Cleveland Cavaliers,25,2011
1285,Jamal Morant,Jamal,Morant,True,"6'7""",212,SF,1610612747,Los Angeles Lakers,22,2018
1286,Joel Jordan,Joel,Jordan,True,"6'10""",255,C/SF,1610612749,Milwaukee Bucks,27,2019
1287,Marcus Booker,Marcus,Booker,True,"6'4""",196,SG/PG,1610612762,Utah Jazz,22,2014
1288,Jaylen Hayward,Jaylen,Hayward,True,"5'11""",183,PG/SF,1610612748,Miami Heat,25,2016
1289,Gordon Morant,Gordon,Morant,True,"6'4""",216,SF,1610612760,Oklahoma City Thunder,36,2024
1290,Evan Wembanyama,Evan,Wembanyama,True,"6'9""",267,C,1610612763,Memphis Grizzlies,24,2014
1291,Zach Westbrook,Zach,Westbrook,True,"6'8""",231,PF/SF,1610612751,Brooklyn Nets,32,2011
1292,Kawhi Tatum,Kawhi,Tatum,True,"7'2""",267,C/PG,1610612762,Utah Jazz,25,2022
1293,Joel Brown,Joel,Brown,True,"6'2""",192,SG/SF,1610612739,Cleveland Cavaliers,28,2015
1294,Draymond Williamson,Draymond,Williamson,True,"6'8""",239,PF/C,1610612760,Oklahoma City Thunder,36,2022
1295,Tyler Jordan,Tyler,Jordan,True,"6'4""",195,SG,1610612740,New Orleans Pelicans,24,2012
1296,Jrue Ball,Jrue,Ball,True,"6'7""",231,PF,1610612757,Portland Trail Blazers,25,2018
1297,Draymond Grant,Draymond,Grant,True,"6'5""",208,SG,1610612740,New Orleans Pelicans,19,2018
1298,Joel Westbrook,Joel,Westbrook,True,"6'7""",230,PF,1610612764,Washington Wizards,23,2021
1299,Bradley Banchero,Bradley,Banchero,True,"6'1""",196,PG,1610612766,Charlotte Hornets,30,2018
1300,Devin Jordan,Devin,Jordan,True,"6'5""",216,SF,1610612766,Charlotte Hornets,26,2023
1301,Ja Paul,Ja,Paul,True,"6'10""",242,C/SG,1610612750,Minnesota Timberwolves,24,2019
1302,Giannis Ball,Giannis,Ball,True,"6'5""",224,SF/PG,1610612752,New York Knicks,36,2011
1303,Fred Middleton,Fred,Middleton,True,"6'3""",208,SG,1610612754,Indiana Pacers,21,2019
1304,Donovan Doncic,Donovan,Doncic,True,"6'5""",214,SF/C,1610612763,Memphis Grizzlies,33,2018
1305,Joel George,Joel,George,True,"6'5""",195,SG,1610612742,Dallas Mavericks,19,2017
1306,Nikola Curry,Nikola,Curry,True,"6'4""",201,SF,1610612766,Charlotte Hornets,21,2020
1307,Evan Simmons,Evan,Simmons,True,"6'0""",186,PG,1610612752,New York Knicks,27,2011
1308,Nikola James,Nikola,James,True,"6'5""",207,SF,1610612748,Miami Heat,23,2010
1309,Tyler Leonard,Tyler,Leonard,True,"6'8""",225,PF/SG,1610612762,Utah Jazz,33,2012
1310,Kevin Ingram,Kevin,Ingram,True,"6'9""",230,PF,1610612755,Philadelphia 76ers,25,2020
1311,Luka Gordon,Luka,Gordon,True,"6'6""",228,SF,1610612751,Brooklyn Nets,20,2011
1312,Jrue George,Jrue,George,True,"6'3""",199,SG,1610612759,San Antonio Spurs,21,2015
1313,Pascal Ball,Pascal,Ball,True,"6'0""",194,PG,1610612764,Washington Wizards,19,2011
1314,Ja Curry,Ja,Curry,True,"6'2""",187,SG/SF,1610612766,Charlotte Hornets,25,2019
1315,Paul George,Paul,George,True,"6'4""",222,SF,1610612748,Miami Heat,37,2020
1316,Ben Adebayo,Ben,Adebayo,True,"6'7""",201,SF,1610612759,San Antonio Spurs,30,2018
1317,Jimmy Doncic,Jimmy,Doncic,True,"6'10""",227,PF,1610612750,Minnesota Timberwolves,37,2019
1318,Stephen Herro,Stephen,Herro,True,"7'0""",250,C,1610612753,Orlando Magic,23,2020
1319,Cade Antetokounmpo,Cade,Antetokounmpo,True,"6'8""",234,PF,1610612761,Toronto Raptors,36,2010
1320,Jimmy Jordan,Jimmy,Jordan,True,"5'11""",176,PG,1610612752,New York Knicks,20,2010
1321,Ja Embiid,Ja,Embiid,True,"6'4""",215,SF,1610612743,Denver Nuggets,24,2022
1322,Gordon Beal,Gordon,Beal,True,"6'10""",286,C,1610612745,Houston Rockets,34,2017
1323,Tyler Morant,Tyler,Morant,True,"5'11""",177,PG,1610612742,Dallas Mavericks,34,2012
1324,Kyrie Lillard,Kyrie,Lillard,True,"6'4""",187,SG,1610612745,Houston Rockets,20,2012
1325,Pascal Jokic,Pascal,Jokic,True,"6'2""",209,SG,1610612739,Cleveland Cavaliers,28,2016
1326,Jimmy VanVleet,Jimmy,VanVleet,True,"6'5""",209,SF,1610612737,Atlanta Hawks,29,2018
1327,Lou Fox,Lou,Fox,True,"6'2""",197,SG,1610612739,Cleveland Cavaliers,33,2013
1328,Paolo Holiday,Paolo,Holiday,True,"5'10""",178,PG/SF,1610612763,Memphis Grizzlies,35,2020
1329,Trae Davis,Trae,Davis,True,"6'3""",178,PG/SF,1610612757,Portland Trail Blazers,20,2016
1330,Joel Durant,Joel,Durant,True,"6'1""",191,PG,1610612757,Portland Trail Blazers,20,2021
1331,Jamal Wall,Jamal,Wall,True,"6'8""",223,SF/C,1610612758,Sacramento Kings,31,2015
1332,Zach Irving,Zach,Irving,True,"7'0""",244,C,1610612766,Charlotte Hornets,33,2023
1333,Chris Davis,Chris,Davis,True,"6'2""",208,SG,1610612748,Miami Heat,22,2013
1334,Pascal Williams,Pascal,Williams,True,"6'8""",235,PF,1610612743,Denver Nuggets,19,2018
1335,Khris Smart,Khris,Smart,True,"6'11""",272,C/SG,1610612758,Sacramento Kings,29,2016
1336,Jayson Herro,Jayson,Herro,True,"6'4""",219,SF,1610612766,Charlotte Hornets,21,2010
1337,Kawhi Antetokounmpo,Kawhi,Antetokounmpo,True,"7'1""",251,C,1610612765,Detroit Pistons,25,2019
1338,James Beal,James,Beal,True,"6'6""",223,SF,1610612753,Orlando Magic,37,2023
1339,Luka Tatum,Luka,Tatum,True,"5'10""",199,PG,1610612754,Indiana Pacers,34,2012
1340,Kyle Green,Kyle,Green,True,"7'0""",244,C,1610612754,Indiana Pacers,23,2023
1341,Zach Curry,Zach,Curry,True,"6'8""",224,PF/PG,1610612763,Memphis Grizzlies,35,2022
1342,Russell Hayward,Russell,Hayward,True,"6'2""",203,SG/SF,1610612742,Dallas Mavericks,36,2021
1343,Giannis Simmons,Giannis,Simmons,True,"6'3""",201,SG,1610612759,San Antonio Spurs,25,2023
1344,Aaron Grant,Aaron,Grant,True,"7'0""",251,C,1610612743,Denver Nuggets,30,2017
1345,Bradley Young,Bradley,Young,True,"6'3""",187,SG,1610612760,Oklahoma City Thunder,29,2018
1346,Tyler Butler,Tyler,Butler,True,"6'10""",253,C/SF,1610612753,Orlando Magic,19,2010
1347,Marcus Ingram,Marcus,Ingram,True,"6'9""",271,C,1610612754,Indiana Pacers,33,2024
1348,Kyrie Williamson,Kyrie,Williamson,True,"6'2""",187,SG,1610612740,New Orleans Pelicans,31,2019
1349,Paul Irving,Paul,Irving,True,"6'6""",212,SF,1610612749,Milwaukee Bucks,28,2024
1350,Zach LaVine,Zach,LaVine,True,"7'2""",251,C,1610612761,Toronto Raptors,23,2021
1351,Bradley Young,Bradley,Young,True,"6'4""",213,SG,1610612737,Atlanta Hawks,33,2018
1352,Malcolm George,Malcolm,George,True,"6'2""",195,SG/PF,1610612750,Minnesota Timberwolves,37,2017
1353,Nikola LaVine,Nikola,LaVine,True,"6'3""",194,PG,1610612752,New York Knicks,19,2023
1354,Evan Cunningham,Evan,Cunningham,True,"6'7""",242,PF,1610612742,Dallas Mavericks,23,2011
1355,Luka George,Luka,George,True,"6'9""",231,PF/C,1610612760,Oklahoma City Thunder,19,2011
1356,Khris Williamson,Khris,Williamson,True,"6'7""",200,SF,1610612737,Atlanta Hawks,29,2015
1357,Kyle James,Kyle,James,True,"6'8""",220,SF/PG,1610612756,Phoenix Suns,36,2012
1358,Michael Middleton,Michael,Middleton,True,"7'1""",245,C,1610612755,Philadelphia 76ers,28,2019
1359,Devin Gordon,Devin,Gordon,True,"6'10""",251,C,1610612739,Cleveland Cavaliers,27,2017
1360,De'Aaron VanVleet,De'Aaron,VanVleet,True,"6'9""",249,PF,1610612752,New York Knicks,28,2022
1361,Trae Williamson,Trae,Williamson,True,"6'1""",179,PG/C,1610612742,Dallas Mavericks,32,2016
1362,Chris Fournier,Chris,Fournier,True,"6'3""",189,PG,1610612760,Oklahoma City Thunder,37,2012
1363,Evan Murray,Evan,Murray,True,"6'2""",200,SG,1610612758,Sacramento Kings,19,2023
1364,Kawhi Ingram,Kawhi,Ingram,True,"6'10""",236,PF,1610612751,Brooklyn Nets,36,2012
1365,Khris Holiday,Khris,Holiday,True,"5'10""",177,PG,1610612741,Chicago Bulls,34,2010
1366,Marcus Siakam,Marcus,Siakam,True,"6'5""",190,SG,1610612739,Cleveland Cavaliers,20,2016
1367,Marcus James,Marcus,James,True,"6'3""",211,SG/SF,1610612739,Cleveland Cavaliers,26,2014
1368,Russell VanVleet,Russell,VanVleet,True,"6'5""",188,SG/PG,1610612757,Portland Trail Blazers,24,2011
1369,Victor Herro,Victor,Herro,True,"6'3""",182,PG,1610612749,Milwaukee Bucks,32,2011
1370,Kyrie Banchero,Kyrie,Banchero,True,"6'5""",212,SF,1610612749,Milwaukee Bucks,20,2012
1371,Chris Wall,Chris,Wall,True,"5'10""",198,PG,1610612744,Golden State Warriors,27,2016
1372,Jamal Butler,Jamal,Butler,True,"6'4""",226,SF/PF,1610612741,Chicago Bulls,21,2015
1373,Jaylen Morant,Jaylen,Morant,True,"6'8""",209,SF,1610612748,Miami Heat,36,2019
1374,Trae Fournier,Trae,Fournier,True,"7'2""",270,C,1610612755,Philadelphia 76ers,29,2012
1375,Ja Durant,Ja,Durant,True,"6'10""",248,PF,1610612742,Dallas Mavericks,22,2010
1376,Tyler LaVine,Tyler,LaVine,True,"6'5""",222,SF,1610612747,Los Angeles Lakers,24,2022
1377,Evan Davis,Evan,Davis,True,"6'9""",268,C,1610612740,New Orleans Pelicans,25,2010
1378,Jamal Jokic,Jamal,Jokic,True,"6'0""",183,PG,1610612741,Chicago Bulls,25,2023
1379,Fred Smart,Fred,Smart,True,"6'11""",285,C,1610612755,Philadelphia 76ers,34,2024
1380,Victor Wall,Victor,Wall,True,"5'11""",193,PG,1610612737,Atlanta Hawks,28,2022
1381,Bradley Antetokounmpo,Bradley,Antetokounmpo,True,"6'2""",206,SG/PG,1610612751,Brooklyn Nets,25,2024
1382,Jimmy Ball,Jimmy,Ball,True,"6'2""",187,PG/PF,1610612751,Brooklyn Nets,25,2012
1383,Tyler Murray,Tyler,Murray,True,"6'7""",234,PF,1610612752,New York Knicks,36,2016
1384,Pascal Booker,Pascal,Booker,True,"6'9""",246,PF,1610612739,Cleveland Cavaliers,27,2016
1385,Victor Lowry,Victor,Lowry,True,"6'11""",251,C/SF,1610612758,Sacramento Kings,26,2024
1386,John Morant,John,Morant,True,"6'3""",206,SG,1610612746,Los Angeles Clippers,27,2024
1387,Cade Brown,Cade,Brown,True,"6'4""",190,SG,1610612743,Denver Nuggets,37,2020
1388,Giannis Fournier,Giannis,Fournier,True,"7'1""",257,C,1610612759,San Antonio Spurs,26,2011
1389,Jerami James,Jerami,James,True,"6'8""",224,SF/C,1610612755,Philadelphia 76ers,36,2015
1390,Luka Morant,Luka,Morant,True,"6'4""",205,SF/C,1610612758,Sacramento Kings,37,2019
1391,Lou Gordon,Lou,Gordon,True,"6'10""",246,C/SF,1610612752,New York Knicks,33,2012
1392,Anthony Curry,Anthony,Curry,True,"6'2""",193,SG,1610612753,Orlando Magic,30,2017
1393,Russell Davis,Russell,Davis,True,"7'2""",268,C,1610612740,New Orleans Pelicans,26,2023
1394,Luka Doncic,Luka,Doncic,True,"6'9""",273,C/PG,1610612747,Los Angeles Lakers,19,2022
1395,Russell Grant,Russell,Grant,True,"6'10""",226,PF,1610612755,Philadelphia 76ers,21,2015
1396,Jerami Paul,Jerami,Paul,True,"6'6""",226,SF,1610612738,Boston Celtics,23,2021
1397,Nikola Brown,Nikola,Brown,True,"6'9""",227,PF,1610612742,Dallas Mavericks,31,2022
1398,Michael Williamson,Michael,Williamson,True,"6'9""",241,PF/C,1610612766,Charlotte Hornets,31,2020
1399,Stephen Murray,Stephen,Murray,True,"6'10""",278,C,1610612751,Brooklyn Nets,25,2014
1400,Devin Davis,Devin,Davis,True,"6'8""",221,PF/SF,1610612744,Golden State Warriors,22,2019
1401,Paolo LaVine,Paolo,LaVine,True,"6'7""",225,PF,1610612739,Cleveland Cavaliers,35,2023
1402,Marcus Curry,Marcus,Curry,True,"6'7""",238,PF/SF,1610612744,Golden State Warriors,19,2013
1403,Fred Green,Fred,Green,True,"6'2""",211,SG,1610612766,Charlotte Hornets,22,2021
1404,Bam Wall,Bam,Wall,True,"6'8""",201,SF,1610612747,Los Angeles Lakers,34,2010
1405,Jamal George,Jamal,George,True,"6'2""",180,PG,1610612748,Miami Heat,23,2023
1406,Jimmy Durant,Jimmy,Durant,True,"7'0""",278,C,1610612755,Philadelphia 76ers,19,2015
1407,Paul Ball,Paul,Ball,True,"6'7""",226,PF,1610612764,Washington Wizards,28,2019
1408,Ja Fournier,Ja,Fournier,True,"6'4""",214,SF,1610612762,Utah Jazz,24,2022
1409,Jaylen Wembanyama,Jaylen,Wembanyama,True,"6'2""",178,PG,1610612737,Atlanta Hawks,32,2023
1410,Jamal Irving,Jamal,Irving,True,"7'2""",288,C/SF,1610612763,Memphis Grizzlies,35,2021
1411,Cade VanVleet,Cade,VanVleet,True,"6'4""",188,SG/C,1610612751,Brooklyn Nets,29,2023
1412,Gordon Herro,Gordon,Herro,True,"6'8""",234,PF/SF,1610612744,Golden State Warriors,28,2010
1413,Devin Holiday,Devin,Holiday,True,"6'11""",266,C/SF,1610612738,Boston Celtics,21,2010
1414,Fred Young,Fred,Young,True,"6'7""",218,SF,1610612756,Phoenix Suns,27,2022
1415,Gordon Butler,Gordon,Butler,True,"6'5""",221,SF/PG,1610612764,Washington Wizards,33,2010
1416,Jerami Smart,Jerami,Smart,True,"6'6""",227,SF,1610612750,Minnesota Timberwolves,35,2018
1417,Malcolm Jordan,Malcolm,Jordan,True,"6'2""",182,PG,1610612746,Los Angeles Clippers,30,2020
1418,Jaylen Paul,Jaylen,Paul,True,"6'0""",194,PG,1610612759,San Antonio Spurs,19,2014
1419,Kawhi Middleton,Kawhi,Middleton,True,"6'8""",207,SF,1610612740,New Orleans Pelicans,37,2024
1420,Tyler Mitchell,Tyler,Mitchell,True,"6'8""",232,PF,1610612765,Detroit Pistons,30,2022
1421,Russell Simmons,Russell,Simmons,True,"6'10""",234,PF,1610612753,Orlando Magic,37,2021
1422,Zion Ball,Zion,Ball,True,"6'1""",176,PG,1610612753,Orlando Magic,32,2013
1423,Russell LaVine,Russell,LaVine,True,"6'10""",262,C/SF,1610612766,Charlotte Hornets,23,2011
1424,Kawhi VanVleet,Kawhi,VanVleet,True,"6'5""",205,SG,1610612744,Golden State Warriors,35,2010
1425,Damian Fournier,Damian,Fournier,True,"5'11""",190,PG,1610612765,Detroit Pistons,34,2016
1426,Kevin Lowry,Kevin,Lowry,True,"5'10""",179,PG,1610612746,Los Angeles Clippers,28,2024
1427,Joel Butler,Joel,Butler,True,"6'8""",244,PF,1610612742,Dallas Mavericks,25,2011
1428,Zion Antetokounmpo,Zion,Antetokounmpo,True,"6'7""",220,PF,1610612750,Minnesota Timberwolves,21,2010
1429,Fred Simmons,Fred,Simmons,True,"6'0""",184,PG,1610612763,Memphis Grizzlies,32,2013
1430,Evan Murray,Evan,Murray,True,"7'0""",276,C,1610612766,Charlotte Hornets,25,2022
1431,Devin Ball,Devin,Ball,True,"6'2""",199,PG,1610612750,Minnesota Timberwolves,23,2011
1432,John Butler,John,Butler,True,"6'5""",206,SG,1610612745,Houston Rockets,25,2011
1433,Russell James,Russell,James,True,"6'7""",215,SF,1610612757,Portland Trail Blazers,31,2023
1434,Jrue Embiid,Jrue,Embiid,True,"6'3""",200,SG,1610612765,Detroit Pistons,34,2011
1435,Kyrie Ball,Kyrie,Ball,True,"5'10""",187,PG,1610612740,New Orleans Pelicans,23,2023
1436,Stephen Fournier,Stephen,Fournier,True,"6'7""",227,SF,1610612745,Houston Rockets,30,2010
1437,Stephen Mitchell,Stephen,Mitchell,True,"6'5""",209,SF/PF,1610612758,Sacramento Kings,24,2022
1438,Kyle Middleton,Kyle,Middleton,True,"6'1""",196,PG,1610612738,Boston Celtics,26,2017
1439,Zion Smart,Zion,Smart,True,"5'10""",180,PG,1610612755,Philadelphia 76ers,36,2024
1440,Michael Mitchell,Michael,Mitchell,True,"6'8""",238,PF,1610612740,New Orleans Pelicans,31,2022
1441,Kyrie Booker,Kyrie,Booker,True,"6'3""",187,SG,1610612764,Washington Wizards,27,2019
1442,Ben James,Ben,James,True,"7'2""",243,C/SG,1610612752,New York Knicks,21,2015
1443,Stephen Butler,Stephen,Butler,True,"6'11""",253,C,1610612748,Miami Heat,22,2015
1444,Brandon Wall,Brandon,Wall,True,"6'2""",189,PG/SG,1610612755,Philadelphia 76ers,35,2020
1445,Fred Irving,Fred,Irving,True,"6'10""",241,PF,1610612751,Brooklyn Nets,31,2013
1446,Jrue Antetokounmpo,Jrue,Antetokounmpo,True,"6'7""",226,SF,1610612745,Houston Rockets,21,2016
1447,Zion Banchero,Zion,Banchero,True,"6'4""",211,SF,1610612746,Los Angeles Clippers,25,2022
1448,Zach Wembanyama,Zach,Wembanyama,True,"6'6""",226,SF/SG,1610612740,New Orleans Pelicans,23,2011
1449,Zach Jokic,Zach,Jokic,True,"6'3""",193,SG,1610612745,Houston Rockets,35,2012
1450,Lou Holiday,Lou,Holiday,True,"6'0""",189,PG,1610612762,Utah Jazz,26,2024
1451,Trae Herro,Trae,Herro,True,"6'10""",261,C,1610612741,Chicago Bulls,23,2016
1452,Jamal VanVleet,Jamal,VanVleet,True,"6'10""",257,C,1610612759,San Antonio Spurs,27,2017
1453,Tyler Leonard,Tyler,Leonard,True,"7'1""",289,C,1610612739,Cleveland Cavaliers,37,2017
1454,Donovan Antetokounmpo,Donovan,Antetokounmpo,True,"6'9""",255,C/PG,1610612765,Detroit Pistons,35,2023
1455,Zach Tatum,Zach,Tatum,True,"6'7""",241,PF/SG,1610612757,Portland Trail Blazers,19,2014
1456,James Williamson,James,Williamson,True,"6'9""",228,PF/SF,1610612739,Cleveland Cavaliers,25,2016
1457,Kawhi Jokic,Kawhi,Jokic,True,"6'5""",199,SG,1610612763,Memphis Grizzlies,31,2016
1458,Giannis Westbrook,Giannis,Westbrook,True,"6'7""",243,PF/PG,1610612753,Orlando Magic,20,2020
1459,Kevin VanVleet,Kevin,VanVleet,True,"6'10""",227,PF,1610612758,Sacramento Kings,21,2019
1460,James Williams,James,Williams,True,"5'11""",180,PG,1610612755,Philadelphia 76ers,32,2016
1461,Jamal Siakam,Jamal,Siakam,True,"6'7""",229,PF/C,1610612759,San Antonio Spurs,28,2016
1462,James Fox,James,Fox,True,"6'5""",188,SG,1610612744,Golden State Warriors,29,2015
1463,Damian LaVine,Damian,LaVine,True,"6'3""",197,PG/PF,1610612754,Indiana Pacers,22,2011
1464,Khris Holiday,Khris,Holiday,True,"6'10""",236,PF/SF,1610612748,Miami Heat,32,2016
1465,Devin Tatum,Devin,Tatum,True,"6'6""",226,SF,1610612738,Boston Celtics,35,2017
1466,Jrue Siakam,Jrue,Siakam,True,"5'10""",195,PG,1610612747,Los Angeles Lakers,28,2016
1467,Evan Curry,Evan,Curry,True,"6'4""",212,SG,1610612752,New York Knicks,31,2019
1468,Tyler Wall,Tyler,Wall,True,"6'9""",226,PF,1610612765,Detroit Pistons,37,2010
1469,Fred Smart,Fred,Smart,True,"6'2""",181,PG/C,1610612749,Milwaukee Bucks,22,2013
1470,Anthony Holiday,Anthony,Holiday,True,"6'8""",203,SF/PF,1610612763,Memphis Grizzlies,24,2020
1471,Aaron Beal,Aaron,Beal,True,"6'7""",229,SF,1610612751,Brooklyn Nets,21,2022
1472,Lou Herro,Lou,Herro,True,"6'9""",279,C/SF,1610612738,Boston Celtics,31,2015
1473,Jayson Cunningham,Jayson,Cunningham,True,"6'5""",201,SG,1610612764,Washington Wizards,32,2023
1474,Draymond Williamson,Draymond,Williamson,True,"6'11""",278,C/SG,1610612754,Indiana Pacers,28,2022
1475,Fred Young,Fred,Young,True,"6'8""",249,PF/C,1610612749,Milwaukee Bucks,28,2020
1476,Nikola Lowry,Nikola,Lowry,True,"6'0""",176,PG,1610612744,Golden State Warriors,31,2014
1477,Gordon James,Gordon,James,True,"6'4""",214,SG,1610612747,Los Angeles Lakers,28,2013
1478,Jayson Jokic,Jayson,Jokic,True,"6'3""",202,SG,1610612762,Utah Jazz,20,2011
1479,Brandon Green,Brandon,Green,True,"6'8""",219,SF,1610612762,Utah Jazz,23,2017
1480,Joel Beal,Joel,Beal,True,"6'3""",186,SG,1610612747,Los Angeles Lakers,32,2023
1481,Zach Antetokounmpo,Zach,Antetokounmpo,True,"6'4""",206,SG,1610612765,Detroit Pistons,33,2012
1482,Jimmy Fournier,Jimmy,Fournier,True,"6'7""",227,SF,1610612762,Utah Jazz,32,2023
1483,Malcolm Doncic,Malcolm,Doncic,True,"5'11""",185,PG/SF,1610612746,Los Angeles Clippers,25,2017
1484,Joel Davis,Joel,Davis,True,"6'2""",191,SG,1610612762,Utah Jazz,33,2012
1485,Donovan LaVine,Donovan,LaVine,True,"6'2""",209,SG,1610612749,Milwaukee Bucks,22,2020
1486,Bradley Brogdon,Bradley,Brogdon,True,"6'2""",192,SG,1610612747,Los Angeles Lakers,30,2014
1487,Khris Grant,Khris,Grant,True,"6'4""",213,SG,1610612751,Brooklyn Nets,19,2019
1488,Ben Holiday,Ben,Holiday,True,"7'1""",257,C,1610612758,Sacramento Kings,37,2021
1489,Chris Irving,Chris,Irving,True,"6'0""",180,PG,1610612753,Orlando Magic,32,2010
1490,Fred LaVine,Fred,LaVine,True,"5'11""",177,PG,1610612740,New Orleans Pelicans,24,2016
1491,Victor Cunningham,Victor,Cunningham,True,"6'10""",267,C,1610612758,Sacramento Kings,22,2021
1492,Chris Mitchell,Chris,Mitchell,True,"6'10""",239,PF,1610612742,Dallas Mavericks,31,2022
1493,Anthony Holiday,Anthony,Holiday,True,"6'9""",241,PF,1610612755,Philadelphia 76ers,22,2014
1494,Jerami Simmons,Jerami,Simmons,True,"6'8""",226,SF,1610612766,Charlotte Hornets,19,2018
1495,Kyle Cunningham,Kyle,Cunningham,True,"6'2""",183,PG,1610612747,Los Angeles Lakers,37,2019
1496,Luka Brogdon,Luka,Brogdon,True,"6'6""",229,SF,1610612739,Cleveland Cavaliers,27,2015
1497,Ja Antetokounmpo,Ja,Antetokounmpo,True,"6'3""",191,SG,1610612761,Toronto Raptors,33,2021
1498,Anthony Jordan,Anthony,Jordan,True,"5'10""",197,PG,1610612746,Los Angeles Clippers,19,2024
1499,Michael Williamson,Michael,Williamson,True,"6'5""",205,SG,1610612748,Miami Heat,30,2017
1500,Brandon Hayward,Brandon,Hayward,True,"6'9""",279,C,1610612738,Boston Celtics,33,2021
1501,Joel Durant,Joel,Durant,True,"6'11""",257,C,1610612748,Miami Heat,26,2018
1502,Bradley Fox,Bradley,Fox,True,"7'0""",281,C/SG,1610612765,Detroit Pistons,36,2021
1503,Luka Brown,Luka,Brown,True,"7'0""",256,C,1610612765,Detroit Pistons,29,2024
1504,Joel Booker,Joel,Booker,True,"5'10""",189,PG,1610612740,New Orleans Pelicans,22,2021
1505,Kyle Grant,Kyle,Grant,True,"6'2""",188,SG,1610612743,Denver Nuggets,24,2013
1506,Kyle Brogdon,Kyle,Brogdon,True,"7'1""",270,C,1610612752,New York Knicks,24,2024
1507,Jrue Booker,Jrue,Booker,True,"6'2""",195,SG/PG,1610612751,Brooklyn Nets,33,2017
1508,Malcolm Antetokounmpo,Malcolm,Antetokounmpo,True,"7'2""",274,C,1610612755,Philadelphia 76ers,34,2018
1509,Devin Green,Devin,Green,True,"6'5""",228,SF/SG,1610612766,Charlotte Hornets,27,2013
1510,Devin Irving,Devin,Irving,True,"6'11""",249,C,1610612756,Phoenix Suns,36,2016
1511,Kevin Doncic,Kevin,Doncic,True,"6'2""",214,SG,1610612766,Charlotte Hornets,35,2013
1512,Lou Simmons,Lou,Simmons,True,"6'10""",224,PF/SF,1610612741,Chicago Bulls,34,2023
1513,Donovan Ingram,Donovan,Ingram,True,"6'11""",272,C,1610612751,Brooklyn Nets,24,2012
1514,Joel Siakam,Joel,Siakam,True,"6'5""",203,SF,1610612754,Indiana Pacers,22,2014
1515,Chris Leonard,Chris,Leonard,True,"6'2""",213,SG,1610612748,Miami Heat,29,2023
1516,Nikola Beal,Nikola,Beal,True,"6'0""",196,PG,1610612740,New Orleans Pelicans,33,2018
1517,Lamelo Doncic,Lamelo,Doncic,True,"6'10""",263,C,1610612763,Memphis Grizzlies,30,2020
1518,Jimmy Fox,Jimmy,Fox,True,"5'10""",199,PG,1610612756,Phoenix Suns,28,2010
1519,Ben Lillard,Ben,Lillard,True,"6'5""",206,SG/SF,1610612747,Los Angeles Lakers,36,2016
1520,Lamelo Lowry,Lamelo,Lowry,True,"6'2""",185,SG,1610612746,Los Angeles Clippers,26,2014
1521,Stephen Davis,Stephen,Davis,True,"6'4""",189,SG,1610612743,Denver Nuggets,28,2011
1522,John Paul,John,Paul,True,"6'8""",204,SF,1610612745,Houston Rockets,33,2021
1523,Tyler Simmons,Tyler,Simmons,True,"6'10""",227,PF,1610612755,Philadelphia 76ers,27,2023
1524,Bam Lowry,Bam,Lowry,True,"6'4""",198,SG/PF,1610612748,Miami Heat,31,2011
1525,Paolo Paul,Paolo,Paul,True,"6'6""",201,SF,1610612742,Dallas Mavericks,35,2013
1526,Kevin Morant,Kevin,Morant,True,"6'3""",206,SG/C,1610612757,Portland Trail Blazers,31,2015
1527,Zion Adebayo,Zion,Adebayo,True,"6'10""",241,C,1610612740,New Orleans Pelicans,37,2011
1528,Evan Williamson,Evan,Williamson,True,"6'10""",220,PF/SF,1610612766,Charlotte Hornets,29,2011
1529,Tyler George,Tyler,George,True,"6'7""",231,PF,1610612746,Los Angeles Clippers,35,2010
1530,Bam Westbrook,Bam,Westbrook,True,"6'9""",281,C,1610612747,Los Angeles Lakers,24,2019
1531,Giannis Grant,Giannis,Grant,True,"6'2""",192,SG/PF,1610612765,Detroit Pistons,30,2011
1532,Fred Ingram,Fred,Ingram,True,"6'3""",189,PG/SG,1610612763,Memphis Grizzlies,32,2017
1533,Devin Smart,Devin,Smart,True,"6'9""",248,C,1610612744,Golden State Warriors,28,2023
1534,Victor Williams,Victor,Williams,True,"6'6""",202,SF,1610612744,Golden State Warriors,22,2022
1535,Lamelo Cunningham,Lamelo,Cunningham,True,"6'5""",221,SF,1610612753,Orlando Magic,30,2014
1536,Jrue Simmons,Jrue,Simmons,True,"6'7""",240,PF,1610612737,Atlanta Hawks,23,2011
1537,Zach Westbrook,Zach,Westbrook,True,"7'0""",287,C,1610612746,Los Angeles Clippers,30,2010
1538,Jerami James,Jerami,James,True,"6'3""",186,SG,1610612743,Denver Nuggets,27,2024
1539,Jerami Beal,Jerami,Beal,True,"6'8""",245,PF/PG,1610612745,Houston Rockets,27,2015
1540,Draymond Doncic,Draymond,Doncic,True,"5'11""",176,PG,1610612760,Oklahoma City Thunder,23,2019
1541,Chris Banchero,Chris,Banchero,True,"6'3""",176,PG/C,1610612744,Golden State Warriors,32,2011
1542,Giannis Durant,Giannis,Durant,True,"6'11""",251,C/SF,1610612765,Detroit Pistons,32,2017
1543,Jamal VanVleet,Jamal,VanVleet,True,"6'3""",205,SG,1610612756,Phoenix Suns,21,2010
1544,Jrue Hayward,Jrue,Hayward,True,"6'9""",255,C,1610612738,Boston Celtics,19,2020
1545,Devin VanVleet,Devin,VanVleet,True,"7'1""",270,C,1610612766,Charlotte Hornets,27,2012
1546,Aaron Leonard,Aaron,Leonard,True,"6'7""",230,PF,1610612743,Denver Nuggets,22,2014
1547,Jamal Curry,Jamal,Curry,True,"6'4""",201,SF,1610612761,Toronto Raptors,32,2014
1548,Jaylen Fournier,Jaylen,Fournier,True,"6'10""",237,PF,1610612759,San Antonio Spurs,24,2020
1549,Damian Westbrook,Damian,Westbrook,True,"6'10""",241,PF,1610612754,Indiana Pacers,23,2018
1550,Paul Hayward,Paul,Hayward,True,"7'0""",268,C,1610612745,Houston Rockets,22,2024
1551,Jaylen Ingram,Jaylen,Ingram,True,"7'1""",260,C,1610612739,Cleveland Cavaliers,34,2019
1552,Brandon George,Brandon,George,True,"6'1""",193,PG,1610612766,Charlotte Hornets,25,2022
1553,Michael Booker,Michael,Booker,True,"6'2""",214,SG,1610612738,Boston Celtics,32,2010
1554,Zach James,Zach,James,True,"6'8""",244,PF,1610612764,Washington Wizards,31,2011
1555,De'Aaron Davis,De'Aaron,Davis,True,"6'10""",232,PF/PG,1610612744,Golden State Warriors,24,2014
1556,Kyle Gordon,Kyle,Gordon,True,"6'10""",267,C,1610612756,Phoenix Suns,23,2021
1557,Brandon Green,Brandon,Green,True,"6'9""",222,PF,1610612762,Utah Jazz,37,2017
1558,Jayson Fournier,Jayson,Fournier,True,"7'1""",251,C,1610612748,Miami Heat,26,2012
1559,Nikola Ball,Nikola,Ball,True,"6'8""",203,SF,1610612738,Boston Celtics,30,2024
1560,Gordon Lillard,Gordon,Lillard,True,"7'1""",273,C,1610612746,Los Angeles Clippers,33,2011
1561,Kevin Morant,Kevin,Morant,True,"6'9""",221,PF,1610612749,Milwaukee Bucks,37,2011
1562,Jayson Irving,Jayson,Irving,True,"6'4""",189,SG,1610612765,Detroit Pistons,27,2010
1563,Marcus Cunningham,Marcus,Cunningham,True,"5'10""",190,PG,1610612759,San Antonio Spurs,33,2014
1564,Cade Morant,Cade,Morant,True,"6'10""",229,PF/SF,1610612755,Philadelphia 76ers,22,2017
1565,Kyle Paul,Kyle,Paul,True,"6'6""",202,SF,1610612753,Orlando Magic,34,2022
1566,Anthony Wembanyama,Anthony,Wembanyama,True,"6'4""",218,SF/C,1610612744,Golden State Warriors,36,2013
1567,Ja Ball,Ja,Ball,True,"6'9""",237,PF,1610612760,Oklahoma City Thunder,34,2013
1568,Kyrie Siakam,Kyrie,Siakam,True,"6'5""",212,SG/PF,1610612755,Philadelphia 76ers,31,2011
1569,Giannis Lillard,Giannis,Lillard,True,"6'8""",236,PF/SG,1610612749,Milwaukee Bucks,29,2012
1570,Damian Simmons,Damian,Simmons,True,"6'1""",191,PG,1610612756,Phoenix Suns,30,2021
1571,Jamal Cunningham,Jamal,Cunningham,True,"6'6""",228,SF,1610612762,Utah Jazz,36,2011
1572,Victor Williams,Victor,Williams,True,"6'0""",191,PG,1610612754,Indiana Pacers,25,2012
1573,Fred Antetokounmpo,Fred,Antetokounmpo,True,"6'10""",226,PF/PG,1610612761,Toronto Raptors,25,2018
1574,Joel Ball,Joel,Ball,True,"6'3""",196,SG,1610612766,Charlotte Hornets,33,2016
1575,Luka Morant,Luka,Morant,True,"6'10""",277,C,1610612761,Toronto Raptors,27,2019
1576,John Grant,John,Grant,True,"6'11""",242,C/PF,1610612758,Sacramento Kings,22,2015
1577,Draymond Embiid,Draymond,Embiid,True,"6'7""",203,SF/PG,1610612749,Milwaukee Bucks,35,2024
1578,Evan Paul,Evan,Paul,True,"6'8""",210,SF/SG,1610612748,Miami Heat,19,2023
1579,Jaylen Adebayo,Jaylen,Adebayo,True,"6'7""",216,SF/C,1610612763,Memphis Grizzlies,19,2022
1580,Draymond Adebayo,Draymond,Adebayo,True,"6'5""",189,SG/C,1610612762,Utah Jazz,24,2022
1581,Paul Lillard,Paul,Lillard,True,"6'4""",197,SG/PF,1610612739,Cleveland Cavaliers,34,2024
1582,Victor Fournier,Victor,Fournier,True,"7'0""",262,C,1610612745,Houston Rockets,31,2022
1583,Donovan Lillard,Donovan,Lillard,True,"7'2""",261,C,1610612759,San Antonio Spurs,25,2024
1584,Paul James,Paul,James,True,"6'6""",223,SF/SG,1610612750,Minnesota Timberwolves,37,2014
1585,Michael Brogdon,Michael,Brogdon,True,"6'8""",214,SF,1610612748,Miami Heat,32,2017
1586,Kevin Brown,Kevin,Brown,True,"6'6""",220,SF/SG,1610612741,Chicago Bulls,19,2010
1587,Jrue Morant,Jrue,Morant,True,"6'8""",200,SF,1610612745,Houston Rockets,20,2016
1588,Kawhi Adebayo,Kawhi,Adebayo,True,"6'1""",197,PG,1610612755,Philadelphia 76ers,21,2021
1589,Kyrie Morant,Kyrie,Morant,True,"6'1""",183,PG,1610612754,Indiana Pacers,27,2017
1590,Jimmy Lillard,Jimmy,Lillard,True,"6'9""",253,C/SG,1610612762,Utah Jazz,27,2016
1591,Kyle George,Kyle,George,True,"6'0""",192,PG,1610612757,Portland Trail Blazers,35,2024
1592,Tyler Booker,Tyler,Booker,True,"7'1""",272,C,1610612748,Miami Heat,35,2011
1593,Stephen George,Stephen,George,True,"6'2""",178,PG,1610612746,Los Angeles Clippers,31,2024
1594,Chris Paul,Chris,Paul,True,"6'10""",225,PF,1610612742,Dallas Mavericks,35,2012
1595,Giannis Middleton,Giannis,Middleton,True,"6'11""",242,C,1610612765,Detroit Pistons,22,2013
1596,Joel VanVleet,Joel,VanVleet,True,"6'5""",210,SG/PF,1610612762,Utah Jazz,22,2019
1597,Ben Murray,Ben,Murray,True,"6'8""",233,PF,1610612738,Boston Celtics,22,2012
1598,Devin Tatum,Devin,Tatum,True,"6'9""",239,PF,1610612750,Minnesota Timberwolves,24,2021
1599,Malcolm Holiday,Malcolm,Holiday,True,"7'1""",243,C,1610612742,Dallas Mavericks,26,2017
1600,Malcolm Butler,Malcolm,Butler,True,"6'3""",198,PG/PF,1610612762,Utah Jazz,19,2019
1601,Michael Williamson,Michael,Williamson,True,"6'1""",179,PG,1610612758,Sacramento Kings,19,2015
1602,John Paul,John,Paul,True,"6'1""",187,PG,1610612763,Memphis Grizzlies,32,2013
1603,Joel Butler,Joel,Butler,True,"6'10""",228,PF,1610612760,Oklahoma City Thunder,30,2021
1604,Lou Jokic,Lou,Jokic,True,"6'3""",190,SG/PG,1610612749,Milwaukee Bucks,24,2018
1605,Jayson Embiid,Jayson,Embiid,True,"6'4""",225,SF,1610612761,Toronto Raptors,37,2011
1606,Kyrie Adebayo,Kyrie,Adebayo,True,"6'7""",249,PF,1610612760,Oklahoma City Thunder,31,2021
1607,Ben Davis,Ben,Davis,True,"6'4""",212,SF/PF,1610612750,Minnesota Timberwolves,23,2024
1608,Paul Lillard,Paul,Lillard,True,"6'8""",218,SF,1610612742,Dallas Mavericks,26,2011
1609,Jrue Ingram,Jrue,Ingram,True,"6'9""",229,PF/PG,1610612743,Denver Nuggets,35,2016
1610,Lamelo Westbrook,Lamelo,Westbrook,True,"6'11""",272,C/PF,1610612764,Washington Wizards,19,2013
1611,Victor Brown,Victor,Brown,True,"6'10""",247,PF,1610612766,Charlotte Hornets,28,2024
1612,Jerami Doncic,Jerami,Doncic,True,"6'11""",251,C,1610612757,Portland Trail Blazers,25,2022
1613,Malcolm Herro,Malcolm,Herro,True,"6'9""",253,C,1610612750,Minnesota Timberwolves,32,2022
1614,Kyrie Booker,Kyrie,Booker,True,"6'5""",208,SF,1610612737,Atlanta Hawks,24,2012
1615,Jaylen LaVine,Jaylen,LaVine,True,"6'10""",226,PF,1610612755,Philadelphia 76ers,35,2021
1616,Pascal Murray,Pascal,Murray,True,"6'6""",207,SF,1610612759,San Antonio Spurs,19,2012
1617,Brandon Wall,Brandon,Wall,True,"6'10""",222,PF,1610612740,New Orleans Pelicans,36,2012
1618,Paul Antetokounmpo,Paul,Antetokounmpo,True,"6'2""",177,PG,1610612752,New York Knicks,27,2023
1619,Bradley Ingram,Bradley,Ingram,True,"6'6""",217,SF/PG,1610612757,Portland Trail Blazers,32,2014
1620,Bradley VanVleet,Bradley,VanVleet,True,"6'2""",201,SG/PF,1610612746,Los Angeles Clippers,36,2019
1621,Bam Brogdon,Bam,Brogdon,True,"6'2""",178,PG,1610612758,Sacramento Kings,29,2010
1622,Victor Embiid,Victor,Embiid,True,"6'3""",203,SG,1610612749,Milwaukee Bucks,20,2017
1623,Jamal Fox,Jamal,Fox,True,"6'3""",188,PG,1610612758,Sacramento Kings,36,2022
1624,Brandon Durant,Brandon,Durant,True,"6'3""",192,SG,1610612748,Miami Heat,25,2022
1625,Joel Green,Joel,Green,True,"6'8""",230,PF,1610612746,Los Angeles Clippers,22,2016
1626,Kyrie Durant,Kyrie,Durant,True,"6'8""",214,SF,1610612756,Phoenix Suns,19,2021
1627,Chris Tatum,Chris,Tatum,True,"6'7""",212,SF/PF,1610612753,Orlando Magic,37,2014
1628,De'Aaron Siakam,De'Aaron,Siakam,True,"6'11""",258,C,1610612750,Minnesota Timberwolves,21,2022
1629,Paolo Butler,Paolo,Butler,True,"6'5""",189,SG,1610612752,New York Knicks,23,2024
1630,Kyrie Mitchell,Kyrie,Mitchell,True,"6'4""",204,SG/C,1610612761,Toronto Raptors,37,2015
1631,Paul Young,Paul,Young,True,"6'7""",246,PF,1610612737,Atlanta Hawks,20,2014
1632,Paul Ball,Paul,Ball,True,"6'0""",181,PG/SF,1610612746,Los Angeles Clippers,35,2018
1633,Chris Grant,Chris,Grant,True,"5'11""",179,PG,1610612737,Atlanta Hawks,25,2015
1634,Draymond Morant,Draymond,Morant,True,"5'10""",198,PG/SG,1610612739,Cleveland Cavaliers,35,2011
1635,Aaron LaVine,Aaron,LaVine,True,"6'8""",229,PF,1610612746,Los Angeles Clippers,25,2012
1636,Tyler Westbrook,Tyler,Westbrook,True,"6'8""",215,SF/C,1610612765,Detroit Pistons,32,2017
1637,Ben Antetokounmpo,Ben,Antetokounmpo,True,"6'8""",245,PF/C,1610612760,Oklahoma City Thunder,31,2011
1638,De'Aaron Lowry,De'Aaron,Lowry,True,"6'3""",186,SG/PG,1610612765,Detroit Pistons,27,2019
1639,Devin Paul,Devin,Paul,True,"6'3""",209,SG,1610612762,Utah Jazz,20,2022
1640,Marcus Brown,Marcus,Brown,True,"6'3""",207,SG,1610612765,Detroit Pistons,27,2013
1641,Ben Lillard,Ben,Lillard,True,"6'2""",189,PG,1610612749,Milwaukee Bucks,25,2012
1642,Damian Banchero,Damian,Banchero,True,"6'2""",191,SG,1610612740,New Orleans Pelicans,26,2013
1643,Trae Fournier,Trae,Fournier,True,"7'0""",277,C,1610612749,Milwaukee Bucks,29,2012
1644,Stephen Banchero,Stephen,Banchero,True,"6'4""",217,SF/SG,1610612737,Atlanta Hawks,28,2013
1645,Giannis Banchero,Giannis,Banchero,True,"6'9""",284,C,1610612747,Los Angeles Lakers,37,2024
1646,Kawhi Doncic,Kawhi,Doncic,True,"6'3""",180,PG/SG,1610612766,Charlotte Hornets,34,2013
1647,Khris Davis,Khris,Davis,True,"6'10""",221,PF,1610612759,San Antonio Spurs,31,2014
1648,Brandon Embiid,Brandon,Embiid,True,"7'2""",247,C/PF,1610612764,Washington Wizards,36,2010
1649,Malcolm Simmons,Malcolm,Simmons,True,"6'3""",201,SG,1610612742,Dallas Mavericks,30,2023
1650,Devin Fox,Devin,Fox,True,"6'9""",229,PF/SF,1610612755,Philadelphia 76ers,34,2013
1651,Paolo Lillard,Paolo,Lillard,True,"7'1""",265,C,1610612763,Memphis Grizzlies,30,2012
1652,Paolo Doncic,Paolo,Doncic,True,"6'3""",197,PG,1610612748,Miami Heat,34,2023
1653,Jamal Ingram,Jamal,Ingram,True,"5'10""",180,PG,1610612741,Chicago Bulls,21,2013
1654,Trae Siakam,Trae,Siakam,True,"6'3""",212,SG,1610612755,Philadelphia 76ers,30,2014
1655,Ben Davis,Ben,Davis,True,"6'2""",193,PG,1610612763,Memphis Grizzlies,24,2019
1656,Donovan Jokic,Donovan,Jokic,True,"6'8""",223,PF,1610612763,Memphis Grizzlies,25,2018
1657,Jaylen Herro,Jaylen,Herro,True,"6'7""",239,PF,1610612748,Miami Heat,21,2015
1658,Luka Tatum,Luka,Tatum,True,"6'9""",236,PF/PG,1610612744,Golden State Warriors,29,2016
1659,Brandon James,Brandon,James,True,"6'3""",191,PG,1610612750,Minnesota Timberwolves,24,2023
1660,James Mitchell,James,Mitchell,True,"6'3""",211,SG/PF,1610612752,New York Knicks,24,2021
1661,Aaron Tatum,Aaron,Tatum,True,"6'8""",242,PF,1610612745,Houston Rockets,23,2019
1662,Kyrie Fournier,Kyrie,Fournier,True,"6'3""",197,PG,1610612750,Minnesota Timberwolves,28,2021
1663,Kyrie George,Kyrie,George,True,"6'4""",214,SG,1610612750,Minnesota Timberwolves,25,2019
1664,Zion Green,Zion,Green,True,"6'1""",196,PG/SG,1610612749,Milwaukee Bucks,35,2014
1665,Kyle Jordan,Kyle,Jordan,True,"6'5""",199,SG/SF,1610612738,Boston Celtics,25,2015
1666,Victor Green,Victor,Green,True,"6'2""",199,SG,1610612757,Portland Trail Blazers,33,2014
1667,Paolo Westbrook,Paolo,Westbrook,True,"6'10""",234,PF,1610612756,Phoenix Suns,26,2010
1668,Chris Cunningham,Chris,Cunningham,True,"6'7""",239,PF,1610612754,Indiana Pacers,21,2023
1669,Trae George,Trae,George,True,"6'2""",209,SG,1610612738,Boston Celtics,25,2010
1670,Giannis Mitchell,Giannis,Mitchell,True,"6'3""",194,SG,1610612758,Sacramento Kings,28,2018
1671,Zion Hayward,Zion,Hayward,True,"7'0""",259,C/PF,1610612764,Washington Wizards,34,2016
1672,Russell Morant,Russell,Morant,True,"6'2""",175,PG,1610612761,Toronto Raptors,20,2013
1673,Jaylen Tatum,Jaylen,Tatum,True,"6'4""",197,SG,1610612737,Atlanta Hawks,24,2018
1674,Chris Smart,Chris,Smart,True,"6'5""",226,SF,1610612740,New Orleans Pelicans,33,2014
1675,Chris Adebayo,Chris,Adebayo,True,"6'3""",199,SG,1610612745,Houston Rockets,31,2017
1676,De'Aaron Paul,De'Aaron,Paul,True,"6'8""",227,SF,1610612763,Memphis Grizzlies,35,2018
1677,Jaylen Holiday,Jaylen,Holiday,True,"6'8""",220,PF,1610612742,Dallas Mavericks,30,2010
1678,Malcolm Holiday,Malcolm,Holiday,True,"6'5""",212,SF,1610612737,Atlanta Hawks,24,2015
1679,Zion Irving,Zion,Irving,True,"6'7""",217,SF/PF,1610612741,Chicago Bulls,23,2014
1680,De'Aaron Ball,De'Aaron,Ball,True,"6'2""",198,SG,1610612761,Toronto Raptors,27,2010
1681,Lou George,Lou,George,True,"6'7""",204,SF,1610612753,Orlando Magic,34,2020
1682,Giannis Morant,Giannis,Morant,True,"6'3""",205,SG,1610612765,Detroit Pistons,27,2016
1683,Devin Morant,Devin,Morant,True,"6'3""",203,SG,1610612742,Dallas Mavericks,26,2019
1684,Bradley Hayward,Bradley,Hayward,True,"6'2""",213,SG/PF,1610612764,Washington Wizards,34,2012
1685,Draymond Hayward,Draymond,Hayward,True,"6'9""",237,PF/PG,1610612748,Miami Heat,36,2018
1686,Draymond Wall,Draymond,Wall,True,"6'1""",186,PG,1610612752,New York Knicks,28,2014
1687,Paolo Williams,Paolo,Williams,True,"6'2""",199,PG,1610612760,Oklahoma City Thunder,36,2020
1688,Brandon Middleton,Brandon,Middleton,True,"6'10""",253,C/PF,1610612745,Houston Rockets,21,2019
1689,Aaron Young,Aaron,Young,True,"6'9""",278,C/SG,1610612749,Milwaukee Bucks,36,2015
1690,Khris Embiid,Khris,Embiid,True,"5'10""",178,PG,1610612759,San Antonio Spurs,34,2013
1691,Zion Siakam,Zion,Siakam,True,"6'3""",192,PG/C,1610612737,Atlanta Hawks,20,2013
1692,Gordon Durant,Gordon,Durant,True,"6'5""",190,SG,1610612740,New Orleans Pelicans,27,2020
1693,Cade Adebayo,Cade,Adebayo,True,"7'0""",276,C,1610612745,Houston Rockets,23,2014
1694,Brandon Jokic,Brandon,Jokic,True,"6'10""",287,C/PF,1610612764,Washington Wizards,34,2022
1695,Zach Gordon,Zach,Gordon,True,"6'6""",220,SF,1610612745,Houston Rockets,34,2017
1696,Jamal Brogdon,Jamal,Brogdon,True,"6'9""",265,C,1610612763,Memphis Grizzlies,37,2017
1697,Jayson Booker,Jayson,Booker,True,"7'0""",263,C,1610612745,Houston Rockets,20,2010
1698,Gordon Embiid,Gordon,Embiid,True,"6'2""",197,PG,1610612742,Dallas Mavericks,25,2017
1699,De'Aaron Westbrook,De'Aaron,Westbrook,True,"6'3""",197,PG/SG,1610612740,New Orleans Pelicans,33,2011
1700,Jerami Embiid,Jerami,Embiid,True,"6'9""",223,PF,1610612760,Oklahoma City Thunder,24,2020
1701,Damian LaVine,Damian,LaVine,True,"6'9""",229,PF,1610612745,Houston Rockets,24,2015
1702,Malcolm Gordon,Malcolm,Gordon,True,"6'6""",224,SF,1610612748,Miami Heat,25,2018
1703,Ben Siakam,Ben,Siakam,True,"6'11""",259,C,1610612741,Chicago Bulls,20,2021
1704,Pascal Smart,Pascal,Smart,True,"6'6""",221,SF/PF,1610612748,Miami Heat,31,2018
1705,Gordon Simmons,Gordon,Simmons,True,"6'8""",211,SF,1610612748,Miami Heat,23,2024
1706,Lou Tatum,Lou,Tatum,True,"6'1""",180,PG,1610612747,Los Angeles Lakers,21,2014
1707,Michael Green,Michael,Green,True,"6'10""",263,C/PF,1610612743,Denver Nuggets,20,2013
1708,Aaron Gordon,Aaron,Gordon,True,"6'2""",199,SG,1610612742,Dallas Mavericks,30,2023
1709,Jerami Booker,Jerami,Booker,True,"6'2""",214,SG,1610612757,Portland Trail Blazers,23,2011
1710,Kyle Brown,Kyle,Brown,True,"6'10""",263,C/SG,1610612748,Miami Heat,26,2011
1711,James Jordan,James,Jordan,True,"6'7""",245,PF/SF,1610612748,Miami Heat,35,2015
1712,Donovan Embiid,Donovan,Embiid,True,"6'2""",197,SG,1610612758,Sacramento Kings,28,2019
1713,Victor Fournier,Victor,Fournier,True,"6'5""",197,SG/PG,1610612741,Chicago Bulls,36,2017
1714,Joel Ball,Joel,Ball,True,"5'11""",177,PG,1610612765,Detroit Pistons,33,2018
1715,Ja Durant,Ja,Durant,True,"6'4""",205,SG/PF,1610612737,Atlanta Hawks,22,2019
1716,Draymond Young,Draymond,Young,True,"6'9""",249,PF/C,1610612766,Charlotte Hornets,33,2014
1717,Kyrie Booker,Kyrie,Booker,True,"6'8""",226,PF,1610612753,Orlando Magic,37,2021
1718,Kyle Embiid,Kyle,Embiid,True,"6'10""",246,PF,1610612765,Detroit Pistons,33,2018
1719,Giannis Brown,Giannis,Brown,True,"7'1""",278,C,1610612755,Philadelphia 76ers,19,2019
1720,Donovan Hayward,Donovan,Hayward,True,"6'8""",248,PF,1610612744,Golden State Warriors,32,2023
1721,Ben Green,Ben,Green,True,"6'3""",201,SG,1610612742,Dallas Mavericks,25,2024
1722,Lou Jokic,Lou,Jokic,True,"6'9""",229,PF,1610612762,Utah Jazz,24,2011
1723,Fred Ball,Fred,Ball,True,"6'4""",199,SG/PG,1610612755,Philadelphia 76ers,36,2024
1724,Jamal Durant,Jamal,Durant,True,"6'3""",183,PG,1610612760,Oklahoma City Thunder,30,2013
1725,Donovan Irving,Donovan,Irving,True,"6'3""",190,SG,1610612737,Atlanta Hawks,32,2023
1726,James Middleton,James,Middleton,True,"6'7""",225,PF,1610612758,Sacramento Kings,32,2020
1727,Michael Mitchell,Michael,Mitchell,True,"5'10""",192,PG,1610612748,Miami Heat,30,2014
1728,Kevin Grant,Kevin,Grant,True,"6'3""",209,SG/PG,1610612743,Denver Nuggets,21,2010
1729,Draymond Ingram,Draymond,Ingram,True,"6'11""",279,C/SG,1610612741,Chicago Bulls,22,2020
1730,Draymond Holiday,Draymond,Holiday,True,"6'2""",190,SG/C,1610612756,Phoenix Suns,27,2012
1731,Draymond LaVine,Draymond,LaVine,True,"6'8""",231,PF,1610612743,Denver Nuggets,35,2013
1732,John Green,John,Green,True,"6'4""",212,SG,1610612743,Denver Nuggets,23,2012
1733,Tyler Lowry,Tyler,Lowry,True,"6'9""",269,C,1610612750,Minnesota Timberwolves,24,2024
1734,Ben VanVleet,Ben,VanVleet,True,"6'5""",225,SF,1610612750,Minnesota Timberwolves,31,2018
1735,Bradley Fournier,Bradley,Fournier,True,"6'0""",188,PG/SG,1610612746,Los Angeles Clippers,29,2013
1736,Giannis Wembanyama,Giannis,Wembanyama,True,"6'11""",256,C,1610612745,Houston Rockets,26,2011
1737,De'Aaron Jokic,De'Aaron,Jokic,True,"6'3""",197,SG/PG,1610612753,Orlando Magic,37,2015
1738,Bradley Grant,Bradley,Grant,True,"6'8""",249,PF/C,1610612753,Orlando Magic,25,2017
1739,Fred Hayward,Fred,Hayward,True,"5'11""",184,PG,1610612738,Boston Celtics,32,2021
1740,Draymond Smart,Draymond,Smart,True,"6'0""",197,PG,1610612756,Phoenix Suns,30,2024
1741,James George,James,George,True,"6'2""",197,SG,1610612755,Philadelphia 76ers,30,2014
1742,Bradley Antetokounmpo,Bradley,Antetokounmpo,True,"6'7""",223,SF/SG,1610612744,Golden State Warriors,20,2014
1743,Jerami LaVine,Jerami,LaVine,True,"6'7""",210,SF,1610612743,Denver Nuggets,28,2018
1744,Kyle Wembanyama,Kyle,Wembanyama,True,"6'9""",225,PF/SF,1610612749,Milwaukee Bucks,22,2021
1745,Evan Jokic,Evan,Jokic,True,"7'2""",254,C,1610612758,Sacramento Kings,37,2016
1746,Jayson Westbrook,Jayson,Westbrook,True,"7'0""",240,C,1610612750,Minnesota Timberwolves,25,2024
1747,Paolo Jokic,Paolo,Jokic,True,"6'4""",209,SF,1610612764,Washington Wizards,30,2017
1748,Kawhi Herro,Kawhi,Herro,True,"6'7""",210,SF,1610612739,Cleveland Cavaliers,19,2011
1749,Jrue James,Jrue,James,True,"6'7""",200,SF,1610612763,Memphis Grizzlies,23,2021
1750,Jaylen Young,Jaylen,Young,True,"6'9""",243,PF,1610612740,New Orleans Pelicans,19,2016
1751,Ja George,Ja,George,True,"6'9""",236,PF,1610612756,Phoenix Suns,32,2020
1752,Cade Siakam,Cade,Siakam,True,"6'5""",200,SF,1610612741,Chicago Bulls,32,2017
1753,Paolo Green,Paolo,Green,True,"6'9""",280,C,1610612761,Toronto Raptors,33,2019
1754,Bam Young,Bam,Young,True,"6'4""",226,SF,1610612758,Sacramento Kings,30,2013
1755,Jimmy Doncic,Jimmy,Doncic,True,"6'8""",236,PF,1610612760,Oklahoma City Thunder,22,2024
1756,Zach Fox,Zach,Fox,True,"6'3""",195,PG/SF,1610612746,Los Angeles Clippers,23,2022
1757,Ben Brogdon,Ben,Brogdon,True,"6'8""",225,PF/PG,1610612748,Miami Heat,21,2012
1758,Chris Irving,Chris,Irving,True,"5'11""",188,PG,1610612764,Washington Wizards,32,2020
1759,Jamal Irving,Jamal,Irving,True,"6'3""",190,SG/PG,1610612760,Oklahoma City Thunder,30,2012
1760,Bradley Siakam,Bradley,Siakam,True,"6'7""",227,SF,1610612757,Portland Trail Blazers,29,2020
1761,Donovan Booker,Donovan,Booker,True,"5'10""",179,PG,1610612758,Sacramento Kings,29,2023
1762,Fred Wall,Fred,Wall,True,"6'2""",197,SG,1610612747,Los Angeles Lakers,21,2022
1763,Kyle Paul,Kyle,Paul,True,"6'3""",204,SG,1610612755,Philadelphia 76ers,30,2018
1764,Marcus Paul,Marcus,Paul,True,"6'4""",227,SF,1610612747,Los Angeles Lakers,21,2022
1765,Paul Davis,Paul,Davis,True,"5'11""",180,PG/C,1610612742,Dallas Mavericks,37,2011
1766,Jaylen Simmons,Jaylen,Simmons,True,"6'6""",201,SF,1610612738,Boston Celtics,22,2018
1767,Jamal VanVleet,Jamal,VanVleet,True,"7'0""",270,C/SG,1610612765,Detroit Pistons,35,2023
1768,Jerami Leonard,Jerami,Leonard,True,"6'9""",234,PF/PG,1610612754,Indiana Pacers,37,2016
1769,Jaylen Mitchell,Jaylen,Mitchell,True,"6'2""",197,SG/C,1610612746,Los Angeles Clippers,19,2023
1770,Anthony Irving,Anthony,Irving,True,"6'3""",190,SG/PF,1610612744,Golden State Warriors,32,2022
1771,Kevin Irving,Kevin,Irving,True,"6'9""",280,C,1610612742,Dallas Mavericks,20,2018
1772,Bradley Fournier,Bradley,Fournier,True,"6'9""",234,PF/SG,1610612743,Denver Nuggets,23,2011
1773,Victor Jokic,Victor,Jokic,True,"6'1""",184,PG,1610612747,Los Angeles Lakers,26,2014
1774,Cade Hayward,Cade,Hayward,True,"6'4""",228,SF,1610612751,Brooklyn Nets,36,2023
1775,Cade Embiid,Cade,Embiid,True,"6'5""",202,SF/C,1610612758,Sacramento Kings,20,2010
1776,Marcus Adebayo,Marcus,Adebayo,True,"6'5""",200,SG/PF,1610612763,Memphis Grizzlies,28,2016
1777,Evan LaVine,Evan,LaVine,True,"6'2""",177,PG/PF,1610612753,Orlando Magic,31,2024
1778,Zach Green,Zach,Green,True,"6'3""",179,PG,1610612759,San Antonio Spurs,22,2019
1779,Devin Westbrook,Devin,Westbrook,True,"6'0""",199,PG,1610612758,Sacramento Kings,27,2020
1780,Kawhi Brogdon,Kawhi,Brogdon,True,"6'7""",216,SF/PG,1610612758,Sacramento Kings,24,2017
1781,Pascal Antetokounmpo,Pascal,Antetokounmpo,True,"6'9""",266,C/PF,1610612755,Philadelphia 76ers,23,2010
1782,Evan Green,Evan,Green,True,"6'6""",209,SF,1610612755,Philadelphia 76ers,36,2012
1783,Chris Williams,Chris,Williams,True,"6'9""",253,C,1610612757,Portland Trail Blazers,37,2021
1784,Evan VanVleet,Evan,VanVleet,True,"6'7""",226,SF/PF,1610612749,Milwaukee Bucks,25,2010
1785,Russell LaVine,Russell,LaVine,True,"6'7""",202,SF,1610612764,Washington Wizards,30,2011
1786,Jamal Lowry,Jamal,Lowry,True,"6'10""",257,C,1610612753,Orlando Magic,29,2014
1787,Kyle Hayward,Kyle,Hayward,True,"6'2""",192,PG/C,1610612760,Oklahoma City Thunder,27,2011
1788,Malcolm Butler,Malcolm,Butler,True,"6'10""",248,C,1610612764,Washington Wizards,19,2010
1789,Paolo Cunningham,Paolo,Cunningham,True,"6'7""",232,PF/C,1610612738,Boston Celtics,22,2017
1790,Stephen Fox,Stephen,Fox,True,"5'10""",195,PG/PF,1610612739,Cleveland Cavaliers,31,2022
1791,Jerami Middleton,Jerami,Middleton,True,"6'7""",245,PF/PG,1610612763,Memphis Grizzlies,23,2018
1792,Draymond Jokic,Draymond,Jokic,True,"6'10""",286,C/PF,1610612738,Boston Celtics,22,2018
1793,Chris Herro,Chris,Herro,True,"6'2""",195,PG,1610612766,Charlotte Hornets,22,2011
1794,Malcolm Ingram,Malcolm,Ingram,True,"6'4""",211,SG/C,1610612753,Orlando Magic,22,2021
1795,Jamal Green,Jamal,Green,True,"6'5""",207,SF,1610612752,New York Knicks,33,2022
1796,Zion VanVleet,Zion,VanVleet,True,"6'9""",223,PF/SG,1610612738,Boston Celtics,31,2018
1797,Stephen Fox,Stephen,Fox,True,"6'2""",186,SG/PF,1610612745,Houston Rockets,27,2016
1798,Malcolm Irving,Malcolm,Irving,True,"6'3""",194,PG,1610612749,Milwaukee Bucks,28,2023
1799,Brandon Lowry,Brandon,Lowry,True,"5'11""",192,PG,1610612755,Philadelphia 76ers,37,2014
1800,Luka Cunningham,Luka,Cunningham,True,"6'3""",199,SG,1610612752,New York Knicks,25,2023
1801,John Young,John,Young,True,"6'0""",175,PG,1610612744,Golden State Warriors,35,2017
1802,Trae Butler,Trae,Butler,True,"6'11""",262,C,1610612766,Charlotte Hornets,21,2017
1803,Lou Young,Lou,Young,True,"6'8""",222,SF/PG,1610612764,Washington Wizards,37,2024
1804,Nikola James,Nikola,James,True,"6'7""",237,PF/SF,1610612760,Oklahoma City Thunder,28,2024
1805,Evan Holiday,Evan,Holiday,True,"6'2""",189,PG,1610612753,Orlando Magic,29,2023
1806,Evan Williams,Evan,Williams,True,"7'0""",253,C/SG,1610612759,San Antonio Spurs,23,2019
1807,Jrue Butler,Jrue,Butler,True,"6'2""",200,SG,1610612762,Utah Jazz,37,2017
1808,Kyle VanVleet,Kyle,VanVleet,True,"6'0""",191,PG,1610612760,Oklahoma City Thunder,20,2020
1809,Anthony George,Anthony,George,True,"6'2""",204,SG,1610612765,Detroit Pistons,25,2018
1810,Donovan Tatum,Donovan,Tatum,True,"6'9""",281,C/PF,1610612739,Cleveland Cavaliers,20,2014
1811,Jimmy Smart,Jimmy,Smart,True,"5'11""",179,PG,1610612756,Phoenix Suns,23,2016
1812,Fred Siakam,Fred,Siakam,True,"6'7""",231,PF,1610612749,Milwaukee Bucks,34,2024
1813,Bam Irving,Bam,Irving,True,"6'6""",212,SF,1610612737,Atlanta Hawks,31,2023
1814,Giannis Leonard,Giannis,Leonard,True,"6'8""",220,PF,1610612755,Philadelphia 76ers,32,2010
1815,Michael James,Michael,James,True,"5'11""",175,PG,1610612753,Orlando Magic,30,2021
1816,Draymond Leonard,Draymond,Leonard,True,"6'9""",220,PF/SF,1610612766,Charlotte Hornets,27,2023
1817,Fred Wall,Fred,Wall,True,"6'4""",212,SF,1610612760,Oklahoma City Thunder,26,2015
1818,Jamal Cunningham,Jamal,Cunningham,True,"7'1""",279,C,1610612749,Milwaukee Bucks,33,2023
1819,Russell Wembanyama,Russell,Wembanyama,True,"6'9""",248,C,1610612739,Cleveland Cavaliers,28,2019
1820,Draymond Williamson,Draymond,Williamson,True,"6'8""",220,PF/PG,1610612759,San Antonio Spurs,20,2022
1821,Brandon Wembanyama,Brandon,Wembanyama,True,"6'4""",224,SF,1610612762,Utah Jazz,31,2023
1822,Fred Davis,Fred,Davis,True,"6'7""",246,PF,1610612756,Phoenix Suns,22,2014
1823,Michael Fournier,Michael,Fournier,True,"6'0""",188,PG/PF,1610612747,Los Angeles Lakers,23,2019
1824,Zach Irving,Zach,Irving,True,"6'0""",187,PG,1610612761,Toronto Raptors,26,2014
1825,Lou Tatum,Lou,Tatum,True,"6'10""",258,C,1610612756,Phoenix Suns,27,2018
1826,Cade Williams,Cade,Williams,True,"6'2""",189,PG,1610612758,Sacramento Kings,31,2023
1827,Damian Butler,Damian,Butler,True,"6'8""",222,PF,1610612765,Detroit Pistons,25,2014
1828,Ben Williamson,Ben,Williamson,True,"6'9""",241,PF,1610612759,San Antonio Spurs,35,2012
1829,Jerami Brogdon,Jerami,Brogdon,True,"6'2""",176,PG,1610612739,Cleveland Cavaliers,33,2012
1830,Michael VanVleet,Michael,VanVleet,True,"5'10""",190,PG,1610612760,Oklahoma City Thunder,27,2020
1831,Kyle Siakam,Kyle,Siakam,True,"7'2""",258,C,1610612749,Milwaukee Bucks,28,2018
1832,Michael Lillard,Michael,Lillard,True,"6'8""",215,SF,1610612745,Houston Rockets,32,2018
1833,Zach LaVine,Zach,LaVine,True,"6'9""",262,C,1610612763,Memphis Grizzlies,29,2012
1834,Lamelo Holiday,Lamelo,Holiday,True,"7'1""",286,C/SG,1610612754,Indiana Pacers,35,2020
1835,Ja Grant,Ja,Grant,True,"6'0""",197,PG,1610612747,Los Angeles Lakers,22,2015
1836,Victor Ball,Victor,Ball,True,"5'11""",199,PG/SF,1610612747,Los Angeles Lakers,31,2013
1837,Devin Paul,Devin,Paul,True,"6'3""",194,PG,1610612762,Utah Jazz,29,2016
1838,Jimmy Herro,Jimmy,Herro,True,"6'4""",203,SF/SG,1610612739,Cleveland Cavaliers,26,2010
1839,Kevin Doncic,Kevin,Doncic,True,"6'4""",214,SF/PG,1610612762,Utah Jazz,37,2020
1840,Paolo Smart,Paolo,Smart,True,"6'4""",185,SG,1610612766,Charlotte Hornets,24,2020
1841,Jerami Middleton,Jerami,Middleton,True,"6'11""",289,C,1610612747,Los Angeles Lakers,21,2021
1842,Zach Tatum,Zach,Tatum,True,"6'8""",205,SF,1610612744,Golden State Warriors,22,2020
1843,Evan Paul,Evan,Paul,True,"6'4""",205,SF,1610612757,Portland Trail Blazers,29,2023
1844,Kyle Wembanyama,Kyle,Wembanyama,True,"6'2""",192,SG,1610612754,Indiana Pacers,27,2011
1845,Khris Lillard,Khris,Lillard,True,"6'2""",197,PG,1610612756,Phoenix Suns,37,2019
1846,Aaron Green,Aaron,Green,True,"6'0""",186,PG/SG,1610612747,Los Angeles Lakers,24,2019
1847,Jaylen Herro,Jaylen,Herro,True,"6'10""",262,C/PG,1610612744,Golden State Warriors,34,2015
1848,Paolo Herro,Paolo,Herro,True,"6'10""",248,PF,1610612764,Washington Wizards,27,2014
1849,Jayson VanVleet,Jayson,VanVleet,True,"7'0""",271,C,1610612757,Portland Trail Blazers,23,2015
1850,Lou Ingram,Lou,Ingram,True,"6'3""",195,SG/C,1610612759,San Antonio Spurs,32,2015
1851,Pascal Beal,Pascal,Beal,True,"6'2""",186,SG,1610612759,San Antonio Spurs,26,2021
1852,Russell Lillard,Russell,Lillard,True,"6'9""",239,PF/C,1610612766,Charlotte Hornets,21,2011
1853,Zion Ball,Zion,Ball,True,"6'8""",214,SF,1610612763,Memphis Grizzlies,27,2015
1854,Kyrie Doncic,Kyrie,Doncic,True,"6'4""",192,SG,1610612756,Phoenix Suns,22,2011
1855,Jaylen Green,Jaylen,Green,True,"6'9""",246,C/SF,1610612753,Orlando Magic,20,2015
1856,Paolo Fox,Paolo,Fox,True,"5'10""",179,PG,1610612750,Minnesota Timberwolves,36,2024
1857,Jayson Ingram,Jayson,Ingram,True,"6'10""",270,C,1610612765,Detroit Pistons,36,2019
1858,Draymond Antetokounmpo,Draymond,Antetokounmpo,True,"6'6""",228,SF,1610612744,Golden State Warriors,37,2017
1859,Jaylen Jordan,Jaylen,Jordan,True,"6'8""",209,SF,1610612749,Milwaukee Bucks,32,2015
1860,Damian Booker,Damian,Booker,True,"6'5""",194,SG/SF,1610612755,Philadelphia 76ers,34,2018
1861,Bradley Lillard,Bradley,Lillard,True,"6'3""",190,PG,1610612737,Atlanta Hawks,20,2022
1862,Giannis Morant,Giannis,Morant,True,"6'7""",200,SF,1610612763,Memphis Grizzlies,22,2015
1863,Victor Wembanyama,Victor,Wembanyama,True,"6'8""",243,PF,1610612742,Dallas Mavericks,26,2018
1864,Cade Gordon,Cade,Gordon,True,"6'9""",241,PF/SF,1610612737,Atlanta Hawks,26,2012
1865,Kyrie Young,Kyrie,Young,True,"6'7""",223,PF,1610612745,Houston Rockets,29,2016
1866,Kawhi Williams,Kawhi,Williams,True,"6'0""",181,PG,1610612753,Orlando Magic,21,2018
1867,Gordon Hayward,Gordon,Hayward,True,"6'10""",237,PF,1610612743,Denver Nuggets,33,2017
1868,Ben Doncic,Ben,Doncic,True,"6'1""",176,PG/PF,1610612739,Cleveland Cavaliers,28,2014
1869,Trae Westbrook,Trae,Westbrook,True,"7'2""",275,C,1610612754,Indiana Pacers,34,2014
1870,Khris Wembanyama,Khris,Wembanyama,True,"6'5""",192,SG,1610612746,Los Angeles Clippers,26,2021
1871,De'Aaron Westbrook,De'Aaron,Westbrook,True,"6'6""",225,SF,1610612739,Cleveland Cavaliers,34,2020
1872,Gordon Herro,Gordon,Herro,True,"5'11""",192,PG/PF,1610612739,Cleveland Cavaliers,31,2020
1873,Joel Wembanyama,Joel,Wembanyama,True,"6'5""",228,SF,1610612764,Washington Wizards,30,2019
1874,Khris Grant,Khris,Grant,True,"6'10""",241,PF,1610612741,Chicago Bulls,20,2014
1875,Lamelo Williams,Lamelo,Williams,True,"6'0""",188,PG,1610612743,Denver Nuggets,21,2016
1876,Malcolm VanVleet,Malcolm,VanVleet,True,"6'7""",244,PF,1610612755,Philadelphia 76ers,26,2021
1877,Luka Mitchell,Luka,Mitchell,True,"6'0""",198,PG/C,1610612757,Portland Trail Blazers,20,2012
1878,De'Aaron Paul,De'Aaron,Paul,True,"6'4""",196,SG,1610612763,Memphis Grizzlies,26,2024
1879,Giannis Middleton,Giannis,Middleton,True,"7'1""",265,C/SG,1610612758,Sacramento Kings,19,2021
1880,Giannis Doncic,Giannis,Doncic,True,"6'4""",221,SF,1610612752,New York Knicks,22,2023
1881,Kyle Westbrook,Kyle,Westbrook,True,"5'10""",197,PG/C,1610612759,San Antonio Spurs,34,2016
1882,Lamelo Lowry,Lamelo,Lowry,True,"6'9""",235,PF/SG,1610612745,Houston Rockets,33,2012
1883,Zach Lillard,Zach,Lillard,True,"6'2""",194,SG,1610612737,Atlanta Hawks,34,2023
1884,Kevin Leonard,Kevin,Leonard,True,"5'11""",194,PG,1610612752,New York Knicks,33,2017
1885,Fred Jokic,Fred,Jokic,True,"6'2""",203,SG,1610612747,Los Angeles Lakers,25,2021
1886,Cade Leonard,Cade,Leonard,True,"6'9""",266,C,1610612761,Toronto Raptors,30,2016
1887,Paul Gordon,Paul,Gordon,True,"6'6""",213,SF,1610612743,Denver Nuggets,20,2010
1888,Victor Mitchell,Victor,Mitchell,True,"6'3""",182,PG,1610612749,Milwaukee Bucks,28,2013
1889,Luka Lowry,Luka,Lowry,True,"5'11""",197,PG/PF,1610612761,Toronto Raptors,31,2017
1890,Lou Morant,Lou,Morant,True,"6'8""",211,SF/SG,1610612747,Los Angeles Lakers,35,2016
1891,James Ingram,James,Ingram,True,"6'7""",213,SF,1610612750,Minnesota Timberwolves,31,2024
1892,Kevin LaVine,Kevin,LaVine,True,"6'4""",217,SF/PF,1610612755,Philadelphia 76ers,36,2022
1893,Zion Siakam,Zion,Siakam,True,"6'0""",176,PG,1610612759,San Antonio Spurs,27,2020
1894,Bradley Davis,Bradley,Davis,True,"6'7""",237,PF,1610612761,Toronto Raptors,24,2018
1895,Cade Antetokounmpo,Cade,Antetokounmpo,True,"5'11""",198,PG,1610612765,Detroit Pistons,21,2014
1896,John Smart,John,Smart,True,"6'7""",206,SF,1610612751,Brooklyn Nets,22,2023
1897,Tyler Leonard,Tyler,Leonard,True,"6'7""",236,PF/SF,1610612749,Milwaukee Bucks,27,2010
1898,Jaylen Irving,Jaylen,Irving,True,"6'4""",204,SF/PG,1610612764,Washington Wizards,31,2013
1899,Michael Adebayo,Michael,Adebayo,True,"6'7""",227,SF/SG,1610612764,Washington Wizards,31,2010
1900,Tim Hardaway Jr.,Tim,Hardaway Jr.,True,"7'0""",278,C,1610612751,Brooklyn Nets,33,2010
1901,Marcus Smart,Marcus,Smart,True,"6'3""",185,SG,1610612752,New York Knicks,36,2016
1902,Robert Williams III,Robert,Williams III,True,"6'8""",246,PF/SF,1610612762,Utah Jazz,34,2012
1903,De'Aaron Fox,De'Aaron,Fox,True,"6'5""",219,SF,1610612746,Los Angeles Clippers,29,2021
1904,Buddy Hield,Buddy,Hield,True,"6'7""",213,SF/C,1610612753,Orlando Magic,21,2019
1905,Harrison Barnes,Harrison,Barnes,True,"6'2""",197,SG,1610612761,Toronto Raptors,32,2023
1906,Mike Conley,Mike,Conley,True,"6'9""",249,C,1610612752,New York Knicks,37,2019
1907,Rudy Gobert,Rudy,Gobert,True,"6'2""",187,PG/SG,1610612750,Minnesota Timberwolves,28,2020
1908,Anthony Edwards,Anthony,Edwards,True,"6'8""",239,PF/SG,1610612755,Philadelphia 76ers,23,2024
1909,DeMar DeRozan,DeMar,DeRozan,True,"6'5""",204,SG,1610612738,Boston Celtics,37,2010
1910,Nikola Vucevic,Nikola,Vucevic,True,"7'0""",273,C,1610612754,Indiana Pacers,33,2019
1911,Lonzo Ball,Lonzo,Ball,True,"6'2""",196,SG/PG,1610612762,Utah Jazz,33,2015
1912,Alex Caruso,Alex,Caruso,True,"6'3""",191,PG,1610612747,Los Angeles Lakers,30,2016
1913,RJ Barrett,RJ,Barrett,True,"6'5""",199,SG,1610612751,Brooklyn Nets,32,2022
1914,Julius Randle,Julius,Randle,True,"6'5""",200,SF,1610612761,Toronto Raptors,36,2015
1915,Mitchell Robinson,Mitchell,Robinson,True,"7'1""",266,C,1610612739,Cleveland Cavaliers,35,2014
1916,Shai Gilgeous-Alexander,Shai,Gilgeous-Alexander,True,"6'6""",224,SF,1610612742,Dallas Mavericks,36,2019
1917,Josh Giddey,Josh,Giddey,True,"6'4""",200,SF,1610612743,Denver Nuggets,34,2024
1918,Chet Holmgren,Chet,Holmgren,True,"6'1""",178,PG,1610612763,Memphis Grizzlies,37,2018
1919,Franz Wagner,Franz,Wagner,True,"5'10""",181,PG,1610612761,Toronto Raptors,25,2022
1920,Paolo Banchero,Paolo,Banchero,True,"5'11""",187,PG,1610612755,Philadelphia 76ers,33,2019
1921,Markelle Fultz,Markelle,Fultz,True,"6'9""",220,PF/PG,1610612744,Golden State Warriors,25,2016
1922,Tyrese Maxey,Tyrese,Maxey,True,"6'5""",212,SF/SG,1610612747,Los Angeles Lakers,28,2024
1923,Tobias Harris,Tobias,Harris,True,"6'2""",191,PG,1610612744,Golden State Warriors,32,2020
1924,Tyrese Haliburton,Tyrese,Haliburton,True,"6'4""",185,SG/C,1610612756,Phoenix Suns,25,2014
1925,Myles Turner,Myles,Turner,True,"6'10""",246,PF,1610612744,Golden State Warriors,26,2011
1926,Mikal Bridges,Mikal,Bridges,True,"6'10""",238,PF/C,1610612741,Chicago Bulls,26,2010
1927,Cam Johnson,Cam,Johnson,True,"6'8""",232,PF/SG,1610612754,Indiana Pacers,33,2017
1928,Ben Simmons,Ben,Simmons,True,"5'11""",188,PG,1610612742,Dallas Mavericks,29,2014
1929,Nicolas Claxton,Nicolas,Claxton,True,"6'6""",229,SF,1610612763,Memphis Grizzlies,34,2023
1930,Jalen Brunson,Jalen,Brunson,True,"6'4""",199,SG,1610612765,Detroit Pistons,36,2020
1931,Caris LeVert,Caris,LeVert,True,"6'3""",190,SG,1610612750,Minnesota Timberwolves,22,2019
1932,Evan Mobley,Evan,Mobley,True,"6'8""",247,PF/PG,1610612755,Philadelphia 76ers,23,2024
1933,Jarrett Allen,Jarrett,Allen,True,"6'8""",205,SF,1610612754,Indiana Pacers,23,2021
1934,Aaron Beasley,Aaron,Beasley,True,"7'2""",247,C,1610612742,Dallas Mavericks,34,2014
1935,Eric Porter,Eric,Porter,True,"6'10""",246,PF,1610612738,Boston Celtics,23,2018
1936,Dillon Jackson,Dillon,Jackson,True,"6'6""",207,SF,1610612759,San Antonio Spurs,21,2019
1937,Bogdan Gordon,Bogdan,Gordon,True,"6'2""",188,SG,1610612763,Memphis Grizzlies,35,2016
1938,Spencer Lopez,Spencer,Lopez,True,"6'10""",248,PF,1610612765,Detroit Pistons,30,2014
1939,Gordon Brooks,Gordon,Brooks,True,"6'4""",190,SG,1610612738,Boston Celtics,23,2017
1940,Wendell Carter,Wendell,Carter,True,"6'10""",242,C,1610612744,Golden State Warriors,26,2015
1941,Evan Nance,Evan,Nance,True,"5'11""",194,PG/PF,1610612761,Toronto Raptors,37,2020
1942,Larry Brogdon,Larry,Brogdon,True,"6'2""",193,SG,1610612751,Brooklyn Nets,29,2021
1943,Dennis Rozier,Dennis,Rozier,True,"7'0""",242,C/SF,1610612748,Miami Heat,33,2022
1944,Patrick Robinson,Patrick,Robinson,True,"6'3""",210,SG/PG,1610612743,Denver Nuggets,22,2017
1945,Malcolm Thompson,Malcolm,Thompson,True,"7'1""",247,C/SG,1610612744,Golden State Warriors,32,2012
1946,Kyle Grant,Kyle,Grant,True,"6'8""",207,SF/PG,1610612738,Boston Celtics,26,2020
1947,Tyler Collins,Tyler,Collins,True,"6'9""",263,C,1610612753,Orlando Magic,31,2018
1948,Jordan Bridges,Jordan,Bridges,True,"6'8""",236,PF,1610612763,Memphis Grizzlies,30,2013
1949,Isaiah Hayward,Isaiah,Hayward,True,"6'0""",184,PG,1610612757,Portland Trail Blazers,24,2021
1950,Jalen Schröder,Jalen,Schröder,True,"7'0""",281,C,1610612756,Phoenix Suns,37,2010
1951,Brandon Green,Brandon,Green,True,"6'8""",220,PF/C,1610612746,Los Angeles Clippers,36,2019
1952,Malik Walker,Malik,Walker,True,"6'1""",180,PG/C,1610612753,Orlando Magic,29,2023
1953,Marcus Harris,Marcus,Harris,True,"7'0""",289,C,1610612750,Minnesota Timberwolves,33,2023
1954,Jared Mitchell,Jared,Mitchell,True,"6'5""",197,SG/PF,1610612761,Toronto Raptors,29,2013
1955,Terry Powell,Terry,Powell,True,"6'8""",216,SF,1610612740,New Orleans Pelicans,19,2014
1956,Gary Young,Gary,Young,True,"6'7""",210,SF,1610612745,Houston Rockets,19,2020
1957,Aaron Dinwiddie,Aaron,Dinwiddie,True,"7'1""",269,C,1610612749,Milwaukee Bucks,21,2024
1958,Eric Fournier,Eric,Fournier,True,"6'5""",222,SF/C,1610612737,Atlanta Hawks,32,2012
1959,Dillon Mills,Dillon,Mills,True,"6'5""",197,SG,1610612739,Cleveland Cavaliers,36,2015
1960,Bogdan Beasley,Bogdan,Beasley,True,"5'11""",189,PG,1610612749,Milwaukee Bucks,23,2019
1961,Spencer Porter,Spencer,Porter,True,"6'10""",240,PF/PG,1610612748,Miami Heat,27,2019
1962,Gordon Jackson,Gordon,Jackson,True,"6'0""",187,PG,1610612752,New York Knicks,28,2013
1963,Wendell Gordon,Wendell,Gordon,True,"6'2""",199,SG,1610612762,Utah Jazz,23,2018
1964,Evan Lopez,Evan,Lopez,True,"6'4""",225,SF,1610612753,Orlando Magic,36,2019
1965,Larry Brooks,Larry,Brooks,True,"6'9""",274,C,1610612746,Los Angeles Clippers,30,2011
1966,Dennis Carter,Dennis,Carter,True,"6'5""",190,SG,1610612762,Utah Jazz,25,2018
1967,Patrick Nance,Patrick,Nance,True,"6'8""",228,PF/SG,1610612761,Toronto Raptors,31,2019
1968,Malcolm Brogdon,Malcolm,Brogdon,True,"6'9""",248,PF,1610612746,Los Angeles Clippers,22,2011
1969,Kyle Rozier,Kyle,Rozier,True,"6'1""",176,PG/SF,1610612737,Atlanta Hawks,30,2010
1970,Tyler Robinson,Tyler,Robinson,True,"6'2""",193,PG,1610612750,Minnesota Timberwolves,24,2017
1971,Jordan Thompson,Jordan,Thompson,True,"6'9""",255,C,1610612738,Boston Celtics,28,2013
1972,Isaiah Grant,Isaiah,Grant,True,"6'5""",221,SF,1610612766,Charlotte Hornets,27,2011
1973,Jalen Collins,Jalen,Collins,True,"6'3""",203,SG,1610612765,Detroit Pistons,24,2014
1974,Brandon Bridges,Brandon,Bridges,True,"6'4""",228,SF,1610612759,San Antonio Spurs,27,2013
1975,Malik Hayward,Malik,Hayward,True,"6'4""",195,SG,1610612759,San Antonio Spurs,28,2022
1976,Marcus Schröder,Marcus,Schröder,True,"6'8""",225,SF/PG,1610612761,Toronto Raptors,31,2022
1977,Jared Green,Jared,Green,True,"7'0""",240,C,1610612741,Chicago Bulls,21,2021
1978,Terry Walker,Terry,Walker,True,"6'8""",244,PF,1610612741,Chicago Bulls,36,2019
1979,Gary Harris,Gary,Harris,True,"6'5""",189,SG/PF,1610612744,Golden State Warriors,21,2024
1980,Aaron Mitchell,Aaron,Mitchell,True,"6'1""",191,PG,1610612742,Dallas Mavericks,20,2018
1981,Eric Powell,Eric,Powell,True,"7'2""",281,C,1610612749,Milwaukee Bucks,25,2015
1982,Dillon Young,Dillon,Young,True,"6'7""",204,SF/PF,1610612739,Cleveland Cavaliers,22,2014
1983,Bogdan Dinwiddie,Bogdan,Dinwiddie,True,"6'8""",246,PF,1610612754,Indiana Pacers,25,2011
1984,Spencer Fournier,Spencer,Fournier,True,"6'4""",186,SG,1610612746,Los Angeles Clippers,36,2013
1985,Gordon Mills,Gordon,Mills,True,"6'6""",210,SF,1610612740,New Orleans Pelicans,19,2019
1986,Wendell Beasley,Wendell,Beasley,True,"6'8""",241,PF,1610612746,Los Angeles Clippers,20,2022
1987,Evan Porter,Evan,Porter,True,"6'10""",234,PF,1610612748,Miami Heat,30,2013
1988,Larry Jackson,Larry,Jackson,True,"6'2""",213,SG,1610612742,Dallas Mavericks,20,2013
1989,Dennis Gordon,Dennis,Gordon,True,"6'5""",216,SF,1610612746,Los Angeles Clippers,28,2018
1990,Patrick Lopez,Patrick,Lopez,True,"6'7""",235,PF,1610612743,Denver Nuggets,24,2013
1991,Malcolm Brooks,Malcolm,Brooks,True,"6'10""",228,PF,1610612749,Milwaukee Bucks,21,2020
1992,Kyle Carter,Kyle,Carter,True,"6'1""",193,PG,1610612737,Atlanta Hawks,27,2018
1993,Tyler Nance,Tyler,Nance,True,"6'7""",235,PF,1610612739,Cleveland Cavaliers,26,2013
1994,Jordan Brogdon,Jordan,Brogdon,True,"6'9""",231,PF,1610612740,New Orleans Pelicans,36,2013
1995,Isaiah Rozier,Isaiah,Rozier,True,"6'7""",239,PF,1610612765,Detroit Pistons,26,2014
1996,Jalen Robinson,Jalen,Robinson,True,"6'8""",215,SF,1610612738,Boston Celtics,33,2021
1997,Brandon Thompson,Brandon,Thompson,True,"6'5""",202,SG,1610612738,Boston Celtics,31,2017
1998,Malik Grant,Malik,Grant,True,"6'4""",205,SG/PG,1610612741,Chicago Bulls,31,2021
1999,Marcus Collins,Marcus,Collins,True,"6'4""",185,SG/PF,1610612753,Orlando Magic,35,2019
2000,Jared Bridges,Jared,Bridges,True,"7'0""",269,C,1610612749,Milwaukee Bucks,26,2014
2001,Terry Hayward,Terry,Hayward,True,"6'2""",194,PG/PF,1610612742,Dallas Mavericks,21,2011
2002,Gary Schröder,Gary,Schröder,True,"6'10""",247,PF/SG,1610612752,New York Knicks,32,2021
2003,Aaron Green,Aaron,Green,True,"6'5""",194,SG,1610612750,Minnesota Timberwolves,34,2023
2004,Eric Walker,Eric,Walker,True,"6'8""",217,SF,1610612740,New Orleans Pelicans,23,2021
2005,Dillon Harris,Dillon,Harris,True,"7'2""",250,C,1610612746,Los Angeles Clippers,21,2010
2006,Bogdan Mitchell,Bogdan,Mitchell,True,"6'8""",244,PF/PG,1610612743,Denver Nuggets,29,2020
2007,Spencer Powell,Spencer,Powell,True,"5'10""",196,PG/PF,1610612738,Boston Celtics,29,2014
2008,Gordon Young,Gordon,Young,True,"7'1""",256,C,1610612758,Sacramento Kings,35,2023
2009,Wendell Dinwiddie,Wendell,Dinwiddie,True,"5'11""",185,PG,1610612738,Boston Celtics,25,2020
2010,Evan Fournier,Evan,Fournier,True,"6'5""",194,SG,1610612747,Los Angeles Lakers,33,2020
2011,Larry Mills,Larry,Mills,True,"6'7""",237,PF,1610612758,Sacramento Kings,37,2020
2012,Dennis Beasley,Dennis,Beasley,True,"6'2""",188,PG,1610612745,Houston Rockets,34,2024
2013,Patrick Porter,Patrick,Porter,True,"7'2""",276,C/PG,1610612766,Charlotte Hornets,29,2018
2014,Malcolm Jackson,Malcolm,Jackson,True,"6'2""",209,SG,1610612747,Los Angeles Lakers,25,2020
2015,Kyle Gordon,Kyle,Gordon,True,"6'8""",224,SF/PF,1610612762,Utah Jazz,35,2021
2016,Tyler Lopez,Tyler,Lopez,True,"6'2""",202,SG/PF,1610612758,Sacramento Kings,21,2019
2017,Jordan Brooks,Jordan,Brooks,True,"7'1""",245,C,1610612763,Memphis Grizzlies,32,2015
2018,Isaiah Carter,Isaiah,Carter,True,"6'11""",261,C,1610612754,Indiana Pacers,30,2011
2019,Jalen Nance,Jalen,Nance,True,"6'3""",195,PG,1610612744,Golden State Warriors,25,2020
2020,Brandon Brogdon,Brandon,Brogdon,True,"6'2""",194,SG/SF,1610612740,New Orleans Pelicans,29,2012
2021,Malik Rozier,Malik,Rozier,True,"6'0""",182,PG/PF,1610612748,Miami Heat,20,2017
2022,Marcus Robinson,Marcus,Robinson,True,"6'10""",261,C,1610612760,Oklahoma City Thunder,33,2020
2023,Jared Thompson,Jared,Thompson,True,"6'2""",189,PG,1610612741,Chicago Bulls,26,2013
2024,Terry Grant,Terry,Grant,True,"6'7""",202,SF,1610612741,Chicago Bulls,21,2022
2025,Gary Collins,Gary,Collins,True,"6'5""",201,SF,1610612750,Minnesota Timberwolves,19,2018
2026,Aaron Bridges,Aaron,Bridges,True,"6'3""",193,PG,1610612755,Philadelphia 76ers,35,2022
2027,Eric Hayward,Eric,Hayward,True,"6'2""",204,SG,1610612763,Memphis Grizzlies,22,2019
2028,Dillon Schröder,Dillon,Schröder,True,"6'9""",246,PF,1610612760,Oklahoma City Thunder,22,2013
2029,Bogdan Green,Bogdan,Green,True,"6'5""",191,SG/PF,1610612744,Golden State Warriors,23,2013
2030,Spencer Walker,Spencer,Walker,True,"6'3""",194,SG/C,1610612741,Chicago Bulls,34,2020
2031,Gordon Harris,Gordon,Harris,True,"6'4""",227,SF,1610612741,Chicago Bulls,37,2011
2032,Wendell Mitchell,Wendell,Mitchell,True,"6'5""",193,SG,1610612746,Los Angeles Clippers,19,2020
2033,Evan Powell,Evan,Powell,True,"6'3""",190,PG,1610612757,Portland Trail Blazers,35,2015
2034,Larry Young,Larry,Young,True,"6'5""",209,SF/PF,1610612758,Sacramento Kings,25,2021
2035,Dennis Dinwiddie,Dennis,Dinwiddie,True,"6'10""",261,C,1610612749,Milwaukee Bucks,29,2011
2036,Patrick Fournier,Patrick,Fournier,True,"6'10""",247,PF/SG,1610612748,Miami Heat,32,2011
2037,Malcolm Mills,Malcolm,Mills,True,"6'4""",201,SF,1610612749,Milwaukee Bucks,31,2013
2038,Kyle Beasley,Kyle,Beasley,True,"6'8""",212,SF/PF,1610612757,Portland Trail Blazers,33,2010
2039,Tyler Porter,Tyler,Porter,True,"6'6""",224,SF/PF,1610612759,San Antonio Spurs,21,2014
2040,Jordan Jackson,Jordan,Jackson,True,"6'7""",244,PF/PG,1610612764,Washington Wizards,19,2015
2041,Isaiah Gordon,Isaiah,Gordon,True,"6'4""",203,SG/SF,1610612747,Los Angeles Lakers,32,2014
2042,Jalen Lopez,Jalen,Lopez,True,"5'11""",197,PG/C,1610612750,Minnesota Timberwolves,26,2020
2043,Brandon Brooks,Brandon,Brooks,True,"5'10""",176,PG,1610612747,Los Angeles Lakers,25,2014
2044,Malik Carter,Malik,Carter,True,"6'2""",197,SG,1610612763,Memphis Grizzlies,29,2018
2045,Marcus Nance,Marcus,Nance,True,"6'3""",196,SG,1610612760,Oklahoma City Thunder,22,2016
2046,Jared Brogdon,Jared,Brogdon,True,"6'8""",202,SF,1610612757,Portland Trail Blazers,37,2011
2047,Terry Rozier,Terry,Rozier,True,"6'2""",212,SG,1610612761,Toronto Raptors,20,2023
2048,Gary Robinson,Gary,Robinson,True,"6'9""",248,PF/SG,1610612760,Oklahoma City Thunder,32,2018
2049,Aaron Thompson,Aaron,Thompson,True,"6'4""",213,SF/PG,1610612760,Oklahoma City Thunder,22,2014
2050,Eric Grant,Eric,Grant,True,"6'5""",215,SF/PG,1610612747,Los Angeles Lakers,20,2020
2051,Dillon Collins,Dillon,Collins,True,"6'1""",175,PG,1610612756,Phoenix Suns,19,2023
2052,Bogdan Bridges,Bogdan,Bridges,True,"7'2""",286,C,1610612752,New York Knicks,34,2024
2053,Spencer Hayward,Spencer,Hayward,True,"6'7""",232,PF,1610612756,Phoenix Suns,29,2013
2054,Gordon Schröder,Gordon,Schröder,True,"7'1""",250,C,1610612739,Cleveland Cavaliers,35,2019
2055,Wendell Green,Wendell,Green,True,"6'6""",221,SF,1610612744,Golden State Warriors,26,2013
2056,Evan Walker,Evan,Walker,True,"6'4""",217,SF,1610612766,Charlotte Hornets,33,2020
2057,Larry Harris,Larry,Harris,True,"6'9""",225,PF,1610612761,Toronto Raptors,25,2012
2058,Dennis Mitchell,Dennis,Mitchell,True,"7'1""",288,C/SG,1610612738,Boston Celtics,34,2012
2059,Patrick Powell,Patrick,Powell,True,"6'5""",187,SG/C,1610612764,Washington Wizards,37,2019
2060,Malcolm Young,Malcolm,Young,True,"6'8""",229,PF/PG,1610612739,Cleveland Cavaliers,31,2021
2061,Kyle Dinwiddie,Kyle,Dinwiddie,True,"6'3""",185,PG,1610612758,Sacramento Kings,37,2024
2062,Tyler Fournier,Tyler,Fournier,True,"6'3""",190,PG,1610612755,Philadelphia 76ers,21,2015
2063,Jordan Mills,Jordan,Mills,True,"6'9""",228,PF/SF,1610612740,New Orleans Pelicans,35,2019
2064,Isaiah Beasley,Isaiah,Beasley,True,"6'9""",278,C,1610612744,Golden State Warriors,28,2011
2065,Jalen Porter,Jalen,Porter,True,"6'7""",204,SF,1610612744,Golden State Warriors,23,2012
2066,Brandon Jackson,Brandon,Jackson,True,"6'10""",230,PF,1610612750,Minnesota Timberwolves,20,2022
2067,Malik Gordon,Malik,Gordon,True,"6'3""",211,SG/PF,1610612760,Oklahoma City Thunder,31,2021
2068,Marcus Lopez,Marcus,Lopez,True,"6'8""",227,SF,1610612753,Orlando Magic,22,2024
2069,Jared Brooks,Jared,Brooks,True,"6'10""",252,C,1610612758,Sacramento Kings,29,2014
2070,Terry Carter,Terry,Carter,True,"6'7""",206,SF,1610612747,Los Angeles Lakers,27,2019
2071,Gary Nance,Gary,Nance,True,"7'1""",289,C,1610612743,Denver Nuggets,35,2018
2072,Aaron Brogdon,Aaron,Brogdon,True,"6'3""",195,SG,1610612739,Cleveland Cavaliers,37,2024
2073,Eric Rozier,Eric,Rozier,True,"6'3""",213,SG,1610612744,Golden State Warriors,24,2012
2074,Dillon Robinson,Dillon,Robinson,True,"6'7""",211,SF,1610612750,Minnesota Timberwolves,25,2020
2075,Bogdan Thompson,Bogdan,Thompson,True,"5'10""",175,PG,1610612757,Portland Trail Blazers,37,2017
2076,Spencer Grant,Spencer,Grant,True,"5'11""",184,PG,1610612759,San Antonio Spurs,28,2013
2077,Gordon Collins,Gordon,Collins,True,"6'3""",194,SG/C,1610612764,Washington Wizards,33,2012
2078,Wendell Bridges,Wendell,Bridges,True,"6'2""",210,SG,1610612749,Milwaukee Bucks,20,2016
2079,Evan Hayward,Evan,Hayward,True,"6'7""",219,SF,1610612753,Orlando Magic,27,2014
2080,Larry Schröder,Larry,Schröder,True,"6'10""",255,C/PG,1610612758,Sacramento Kings,26,2014
2081,Dennis Green,Dennis,Green,True,"6'6""",227,SF,1610612742,Dallas Mavericks,32,2018
2082,Patrick Walker,Patrick,Walker,True,"7'0""",263,C,1610612742,Dallas Mavericks,37,2022
2083,Malcolm Harris,Malcolm,Harris,True,"6'0""",194,PG,1610612739,Cleveland Cavaliers,37,2022
2084,Kyle Mitchell,Kyle,Mitchell,True,"6'10""",245,PF,1610612756,Phoenix Suns,36,2016
2085,Tyler Powell,Tyler,Powell,True,"6'10""",225,PF,1610612744,Golden State Warriors,24,2024
2086,Jordan Young,Jordan,Young,True,"6'8""",223,PF,1610612766,Charlotte Hornets,31,2024
2087,Isaiah Dinwiddie,Isaiah,Dinwiddie,True,"6'6""",229,SF,1610612746,Los Angeles Clippers,25,2017
2088,Jalen Fournier,Jalen,Fournier,True,"6'7""",221,SF,1610612749,Milwaukee Bucks,19,2019
2089,Brandon Mills,Brandon,Mills,True,"6'5""",204,SF,1610612741,Chicago Bulls,20,2018
2090,Malik Beasley,Malik,Beasley,True,"6'11""",287,C/SF,1610612757,Portland Trail Blazers,27,2023
2091,Marcus Porter,Marcus,Porter,True,"6'8""",249,PF/PG,1610612743,Denver Nuggets,24,2011
2092,Jared Jackson,Jared,Jackson,True,"6'1""",188,PG,1610612742,Dallas Mavericks,34,2019
2093,Terry Gordon,Terry,Gordon,True,"6'2""",188,SG/PF,1610612742,Dallas Mavericks,19,2019
2094,Gary Lopez,Gary,Lopez,True,"6'3""",211,SG,1610612766,Charlotte Hornets,30,2022
2095,Aaron Brooks,Aaron,Brooks,True,"6'9""",239,PF,1610612761,Toronto Raptors,24,2022
2096,Eric Carter,Eric,Carter,True,"6'8""",244,PF,1610612756,Phoenix Suns,36,2021
2097,Dillon Nance,Dillon,Nance,True,"6'4""",217,SF,1610612743,Denver Nuggets,35,2010
2098,Bogdan Brogdon,Bogdan,Brogdon,True,"6'4""",190,SG/SF,1610612760,Oklahoma City Thunder,35,2014
2099,Spencer Rozier,Spencer,Rozier,True,"6'8""",223,SF/PF,1610612759,San Antonio Spurs,29,2013
2100,Gordon Robinson,Gordon,Robinson,True,"6'5""",224,SF,1610612764,Washington Wizards,37,2010
2101,Wendell Thompson,Wendell,Thompson,True,"6'9""",250,C,1610612740,New Orleans Pelicans,29,2014
2102,Evan Grant,Evan,Grant,True,"6'0""",193,PG,1610612751,Brooklyn Nets,34,2013
2103,Larry Collins,Larry,Collins,True,"6'10""",248,C/PG,1610612752,New York Knicks,23,2016
2104,Dennis Bridges,Dennis,Bridges,True,"6'2""",194,PG,1610612739,Cleveland Cavaliers,19,2015
2105,Patrick Hayward,Patrick,Hayward,True,"6'2""",198,PG,1610612737,Atlanta Hawks,34,2021
2106,Malcolm Schröder,Malcolm,Schröder,True,"6'9""",248,PF,1610612764,Washington Wizards,34,2017
2107,Kyle Green,Kyle,Green,True,"6'3""",179,PG,1610612765,Detroit Pistons,35,2020
2108,Tyler Walker,Tyler,Walker,True,"6'5""",223,SF/PF,1610612741,Chicago Bulls,31,2011
2109,Jordan Harris,Jordan,Harris,True,"6'8""",218,SF/C,1610612743,Denver Nuggets,27,2019
2110,Isaiah Mitchell,Isaiah,Mitchell,True,"6'7""",202,SF,1610612761,Toronto Raptors,23,2016
2111,Jalen Powell,Jalen,Powell,True,"6'0""",176,PG,1610612758,Sacramento Kings,19,2014
2112,Brandon Young,Brandon,Young,True,"6'4""",202,SF/PG,1610612748,Miami Heat,33,2014
2113,Malik Dinwiddie,Malik,Dinwiddie,True,"6'5""",213,SF,1610612766,Charlotte Hornets,26,2019
2114,Marcus Fournier,Marcus,Fournier,True,"7'1""",258,C,1610612739,Cleveland Cavaliers,32,2024
2115,Jared Mills,Jared,Mills,True,"6'5""",197,SG,1610612759,San Antonio Spurs,26,2016
2116,Terry Beasley,Terry,Beasley,True,"5'11""",195,PG/SG,1610612764,Washington Wizards,28,2019
2117,Gary Porter,Gary,Porter,True,"7'0""",255,C/PG,1610612757,Portland Trail Blazers,34,2013
2118,Aaron Jackson,Aaron,Jackson,True,"6'8""",226,SF,1610612759,San Antonio Spurs,34,2020
2119,Eric Gordon,Eric,Gordon,True,"6'11""",244,C,1610612743,Denver Nuggets,21,2020
2120,Dillon Lopez,Dillon,Lopez,True,"5'11""",196,PG,1610612755,Philadelphia 76ers,22,2022
2121,Bogdan Brooks,Bogdan,Brooks,True,"6'6""",209,SF,1610612748,Miami Heat,36,2011
2122,Spencer Carter,Spencer,Carter,True,"6'3""",193,SG,1610612740,New Orleans Pelicans,35,2010
2123,Gordon Nance,Gordon,Nance,True,"6'0""",196,PG,1610612764,Washington Wizards,33,2017
2124,Wendell Brogdon,Wendell,Brogdon,True,"6'9""",225,PF,1610612750,Minnesota Timberwolves,30,2010
2125,Evan Rozier,Evan,Rozier,True,"7'0""",279,C/PG,1610612742,Dallas Mavericks,20,2012
2126,Larry Robinson,Larry,Robinson,True,"6'2""",206,SG,1610612760,Oklahoma City Thunder,31,2013
2127,Dennis Thompson,Dennis,Thompson,True,"6'11""",265,C,1610612756,Phoenix Suns,23,2016
2128,Patrick Grant,Patrick,Grant,True,"6'7""",209,SF,1610612738,Boston Celtics,32,2010
2129,Malcolm Collins,Malcolm,Collins,True,"6'3""",196,PG,1610612757,Portland Trail Blazers,22,2011
2130,Kyle Bridges,Kyle,Bridges,True,"6'8""",231,PF,1610612745,Houston Rockets,19,2015
2131,Tyler Hayward,Tyler,Hayward,True,"5'11""",193,PG,1610612762,Utah Jazz,34,2014
2132,Jordan Schröder,Jordan,Schröder,True,"6'10""",221,PF,1610612751,Brooklyn Nets,35,2011
2133,Isaiah Green,Isaiah,Green,True,"6'0""",184,PG/SG,1610612741,Chicago Bulls,28,2010
2134,Jalen Walker,Jalen,Walker,True,"6'7""",203,SF,1610612745,Houston Rockets,20,2018
2135,Brandon Harris,Brandon,Harris,True,"6'5""",197,SG,1610612745,Houston Rockets,28,2018
2136,Malik Mitchell,Malik,Mitchell,True,"6'11""",259,C/PF,1610612754,Indiana Pacers,25,2022
2137,Marcus Powell,Marcus,Powell,True,"7'2""",248,C/SF,1610612744,Golden State Warriors,36,2023
2138,Jared Young,Jared,Young,True,"7'0""",253,C/PF,1610612748,Miami Heat,29,2023
2139,Terry Dinwiddie,Terry,Dinwiddie,True,"6'10""",242,PF,1610612749,Milwaukee Bucks,31,2022
2140,Gary Fournier,Gary,Fournier,True,"6'4""",207,SF/C,1610612759,San Antonio Spurs,23,2010
2141,Aaron Mills,Aaron,Mills,True,"6'10""",236,PF,1610612764,Washington Wizards,31,2024
2142,Eric Beasley,Eric,Beasley,True,"6'4""",219,SF,1610612764,Washington Wizards,33,2010
2143,Dillon Porter,Dillon,Porter,True,"6'5""",222,SF/PF,1610612737,Atlanta Hawks,22,2013
2144,Bogdan Jackson,Bogdan,Jackson,True,"6'4""",223,SF/PG,1610612738,Boston Celtics,25,2022
2145,Spencer Gordon,Spencer,Gordon,True,"6'4""",190,SG,1610612757,Portland Trail Blazers,24,2023
2146,Gordon Lopez,Gordon,Lopez,True,"6'1""",194,PG,1610612765,Detroit Pistons,35,2018
2147,Wendell Brooks,Wendell,Brooks,True,"6'8""",224,SF,1610612750,Minnesota Timberwolves,25,2017
2148,Evan Carter,Evan,Carter,True,"6'3""",206,SG,1610612755,Philadelphia 76ers,37,2016
2149,Larry Nance,Larry,Nance,True,"6'9""",249,PF,1610612753,Orlando Magic,19,2017
2150,Dennis Brogdon,Dennis,Brogdon,True,"6'3""",179,PG/PF,1610612747,Los Angeles Lakers,26,2016
2151,Patrick Rozier,Patrick,Rozier,True,"6'7""",247,PF/PG,1610612749,Milwaukee Bucks,35,2018
2152,Malcolm Robinson,Malcolm,Robinson,True,"6'4""",185,SG,1610612744,Golden State Warriors,24,2014
2153,Kyle Thompson,Kyle,Thompson,True,"6'5""",214,SG/PG,1610612765,Detroit Pistons,28,2013
2154,Tyler Grant,Tyler,Grant,True,"6'10""",240,C,1610612747,Los Angeles Lakers,28,2015
2155,Jordan Collins,Jordan,Collins,True,"6'4""",210,SG,1610612756,Phoenix Suns,26,2017
2156,Isaiah Bridges,Isaiah,Bridges,True,"6'4""",207,SG,1610612743,Denver Nuggets,26,2015
2157,Jalen Hayward,Jalen,Hayward,True,"6'5""",195,SG/C,1610612737,Atlanta Hawks,31,2018
2158,Brandon Schröder,Brandon,Schröder,True,"6'0""",186,PG,1610612747,Los Angeles Lakers,33,2014
2159,Malik Green,Malik,Green,True,"6'8""",220,PF/PG,1610612754,Indiana Pacers,27,2021
2160,Marcus Walker,Marcus,Walker,True,"6'8""",204,SF,1610612745,Houston Rockets,35,2011
2161,Jared Harris,Jared,Harris,True,"6'6""",210,SF,1610612740,New Orleans Pelicans,19,2012
2162,Terry Mitchell,Terry,Mitchell,True,"6'0""",199,PG/C,1610612752,New York Knicks,24,2014
2163,Gary Powell,Gary,Powell,True,"6'3""",181,PG,1610612742,Dallas Mavericks,28,2019
2164,Aaron Young,Aaron,Young,True,"6'2""",181,PG/C,1610612741,Chicago Bulls,20,2010
2165,Eric Dinwiddie,Eric,Dinwiddie,True,"6'5""",210,SF/PG,1610612739,Cleveland Cavaliers,20,2014
2166,Dillon Fournier,Dillon,Fournier,True,"6'4""",208,SG/C,1610612756,Phoenix Suns,32,2014
2167,Bogdan Mills,Bogdan,Mills,True,"6'3""",200,SG,1610612764,Washington Wizards,28,2010
2168,Spencer Beasley,Spencer,Beasley,True,"6'2""",186,SG/SF,1610612763,Memphis Grizzlies,36,2014
2169,Gordon Porter,Gordon,Porter,True,"6'9""",281,C,1610612745,Houston Rockets,32,2014
2170,Wendell Jackson,Wendell,Jackson,True,"6'10""",244,PF/C,1610612759,San Antonio Spurs,19,2021
2171,Evan Gordon,Evan,Gordon,True,"6'9""",233,PF,1610612740,New Orleans Pelicans,22,2023
2172,Larry Lopez,Larry,Lopez,True,"6'5""",202,SG,1610612754,Indiana Pacers,28,2012
2173,Dennis Brooks,Dennis,Brooks,True,"5'10""",199,PG,1610612749,Milwaukee Bucks,34,2020
2174,Patrick Carter,Patrick,Carter,True,"6'9""",264,C,1610612743,Denver Nuggets,30,2014
2175,Malcolm Nance,Malcolm,Nance,True,"7'0""",247,C/PF,1610612757,Portland Trail Blazers,30,2021
2176,Kyle Brogdon,Kyle,Brogdon,True,"6'7""",202,SF/C,1610612752,New York Knicks,34,2012
2177,Tyler Rozier,Tyler,Rozier,True,"5'11""",189,PG,1610612754,Indiana Pacers,24,2020
2178,Jordan Robinson,Jordan,Robinson,True,"6'2""",200,SG/PG,1610612737,Atlanta Hawks,19,2023
2179,Isaiah Thompson,Isaiah,Thompson,True,"6'1""",175,PG,1610612741,Chicago Bulls,26,2016
2180,Jalen Grant,Jalen,Grant,True,"6'1""",195,PG,1610612740,New Orleans Pelicans,20,2022
2181,Brandon Collins,Brandon,Collins,True,"6'0""",180,PG,1610612757,Portland Trail Blazers,22,2020
2182,Malik Bridges,Malik,Bridges,True,"5'11""",180,PG/SG,1610612766,Charlotte Hornets,28,2012
2183,Marcus Hayward,Marcus,Hayward,True,"7'0""",244,C/SG,1610612741,Chicago Bulls,29,2019
2184,Jared Schröder,Jared,Schröder,True,"6'5""",191,SG,1610612745,Houston Rockets,26,2015
2185,Terry Green,Terry,Green,True,"6'2""",196,SG,1610612762,Utah Jazz,30,2016
2186,Gary Walker,Gary,Walker,True,"6'6""",210,SF,1610612745,Houston Rockets,24,2011
2187,Aaron Harris,Aaron,Harris,True,"6'0""",185,PG,1610612747,Los Angeles Lakers,29,2015
2188,Eric Mitchell,Eric,Mitchell,True,"6'5""",221,SF,1610612742,Dallas Mavericks,35,2023
2189,Dillon Powell,Dillon,Powell,True,"6'9""",242,PF,1610612751,Brooklyn Nets,23,2013
2190,Bogdan Young,Bogdan,Young,True,"6'9""",222,PF,1610612745,Houston Rockets,34,2016
2191,Spencer Dinwiddie,Spencer,Dinwiddie,True,"6'2""",193,SG,1610612756,Phoenix Suns,29,2016
2192,Gordon Fournier,Gordon,Fournier,True,"6'0""",179,PG,1610612756,Phoenix Suns,34,2024
2193,Wendell Mills,Wendell,Mills,True,"6'2""",183,PG,1610612742,Dallas Mavericks,29,2017
2194,Evan Beasley,Evan,Beasley,True,"6'9""",225,PF,1610612738,Boston Celtics,31,2020
2195,Larry Porter,Larry,Porter,True,"6'9""",230,PF/C,1610612754,Indiana Pacers,35,2020
2196,Dennis Jackson,Dennis,Jackson,True,"6'9""",245,PF/SG,1610612745,Houston Rockets,30,2018
2197,Patrick Gordon,Patrick,Gordon,True,"6'7""",220,SF/SG,1610612740,New Orleans Pelicans,30,2017
2198,Malcolm Lopez,Malcolm,Lopez,True,"5'11""",187,PG/SG,1610612765,Detroit Pistons,24,2016
2199,Kyle Brooks,Kyle,Brooks,True,"5'10""",183,PG,1610612751,Brooklyn Nets,23,2022
2200,Tyler Carter,Tyler,Carter,True,"6'2""",190,PG,1610612740,New Orleans Pelicans,37,2011
2201,Jordan Nance,Jordan,Nance,True,"7'1""",271,C/PF,1610612764,Washington Wizards,21,2019
2202,Isaiah Brogdon,Isaiah,Brogdon,True,"6'3""",207,SG/C,1610612744,Golden State Warriors,30,2014
2203,Jalen Rozier,Jalen,Rozier,True,"6'9""",245,PF,1610612742,Dallas Mavericks,30,2021
2204,Brandon Robinson,Brandon,Robinson,True,"6'5""",200,SG,1610612759,San Antonio Spurs,37,2012
2205,Malik Thompson,Malik,Thompson,True,"6'3""",179,PG/PF,1610612764,Washington Wizards,22,2014
2206,Marcus Grant,Marcus,Grant,True,"6'8""",246,PF,1610612750,Minnesota Timberwolves,33,2019
2207,Jared Collins,Jared,Collins,True,"6'7""",232,PF,1610612759,San Antonio Spurs,22,2013
2208,Terry Bridges,Terry,Bridges,True,"6'1""",196,PG,1610612755,Philadelphia 76ers,31,2022
2209,Gary Hayward,Gary,Hayward,True,"7'2""",288,C,1610612738,Boston Celtics,36,2024
2210,Aaron Schröder,Aaron,Schröder,True,"6'3""",210,SG,1610612756,Phoenix Suns,32,2012
2211,Eric Green,Eric,Green,True,"6'2""",190,SG,1610612754,Indiana Pacers,37,2024
2212,Dillon Walker,Dillon,Walker,True,"6'1""",194,PG/C,1610612743,Denver Nuggets,19,2020
2213,Bogdan Harris,Bogdan,Harris,True,"6'8""",213,SF,1610612758,Sacramento Kings,27,2016
2214,Spencer Mitchell,Spencer,Mitchell,True,"7'1""",249,C/PF,1610612754,Indiana Pacers,30,2021
2215,Gordon Powell,Gordon,Powell,True,"6'2""",202,SG/PG,1610612749,Milwaukee Bucks,35,2011
2216,Wendell Young,Wendell,Young,True,"6'5""",213,SG,1610612761,Toronto Raptors,22,2023
2217,Evan Dinwiddie,Evan,Dinwiddie,True,"6'7""",211,SF,1610612759,San Antonio Spurs,32,2015
2218,Larry Fournier,Larry,Fournier,True,"6'10""",281,C,1610612765,Detroit Pistons,29,2023
2219,Dennis Mills,Dennis,Mills,True,"6'0""",187,PG,1610612751,Brooklyn Nets,36,2010
2220,Patrick Beasley,Patrick,Beasley,True,"6'3""",185,SG,1610612755,Philadelphia 76ers,37,2016
2221,Malcolm Porter,Malcolm,Porter,True,"6'7""",236,PF/SF,1610612739,Cleveland Cavaliers,36,2024
2222,Kyle Jackson,Kyle,Jackson,True,"6'10""",233,PF,1610612741,Chicago Bulls,22,2014
2223,Tyler Gordon,Tyler,Gordon,True,"6'8""",229,SF,1610612746,Los Angeles Clippers,28,2022
2224,Jordan Lopez,Jordan,Lopez,True,"6'8""",203,SF,1610612737,Atlanta Hawks,28,2013
2225,Isaiah Brooks,Isaiah,Brooks,True,"5'10""",192,PG/SG,1610612754,Indiana Pacers,29,2011
2226,Jalen Carter,Jalen,Carter,True,"5'10""",188,PG/SG,1610612754,Indiana Pacers,26,2011
2227,Brandon Nance,Brandon,Nance,True,"6'0""",183,PG,1610612756,Phoenix Suns,32,2012
2228,Malik Brogdon,Malik,Brogdon,True,"7'0""",241,C/PF,1610612742,Dallas Mavericks,31,2024
2229,Marcus Rozier,Marcus,Rozier,True,"6'7""",210,SF,1610612755,Philadelphia 76ers,23,2018
2230,Jared Robinson,Jared,Robinson,True,"6'2""",179,PG,1610612749,Milwaukee Bucks,30,2015
2231,Terry Thompson,Terry,Thompson,True,"6'5""",212,SG,1610612760,Oklahoma City Thunder,29,2023
2232,Gary Grant,Gary,Grant,True,"6'4""",219,SF/PF,1610612743,Denver Nuggets,26,2016
2233,Aaron Collins,Aaron,Collins,True,"6'9""",253,C,1610612755,Philadelphia 76ers,28,2020
2234,Eric Bridges,Eric,Bridges,True,"6'3""",208,SG,1610612763,Memphis Grizzlies,28,2012
2235,Dillon Hayward,Dillon,Hayward,True,"6'2""",211,SG,1610612739,Cleveland Cavaliers,26,2012
2236,Bogdan Schröder,Bogdan,Schröder,True,"6'8""",242,PF/PG,1610612744,Golden State Warriors,26,2017
2237,Spencer Green,Spencer,Green,True,"5'10""",185,PG,1610612741,Chicago Bulls,32,2024
2238,Gordon Walker,Gordon,Walker,True,"6'10""",242,PF,1610612748,Miami Heat,36,2024
2239,Wendell Harris,Wendell,Harris,True,"6'8""",236,PF,1610612748,Miami Heat,26,2015
2240,Evan Mitchell,Evan,Mitchell,True,"6'0""",197,PG,1610612744,Golden State Warriors,23,2016
2241,Larry Powell,Larry,Powell,True,"7'1""",243,C,1610612760,Oklahoma City Thunder,32,2013
2242,Dennis Young,Dennis,Young,True,"7'0""",259,C/PG,1610612759,San Antonio Spurs,19,2011
2243,Patrick Dinwiddie,Patrick,Dinwiddie,True,"5'10""",189,PG,1610612755,Philadelphia 76ers,34,2013
2244,Malcolm Fournier,Malcolm,Fournier,True,"6'9""",269,C,1610612764,Washington Wizards,37,2012
2245,Kyle Mills,Kyle,Mills,True,"6'4""",207,SF,1610612761,Toronto Raptors,28,2024
2246,Tyler Beasley,Tyler,Beasley,True,"6'7""",230,PF,1610612756,Phoenix Suns,24,2012
2247,Jordan Porter,Jordan,Porter,True,"6'11""",284,C,1610612750,Minnesota Timberwolves,37,2016
2248,Isaiah Jackson,Isaiah,Jackson,True,"7'2""",253,C/SG,1610612757,Portland Trail Blazers,34,2024
2249,Jalen Gordon,Jalen,Gordon,True,"7'2""",246,C,1610612765,Detroit Pistons,32,2021
2250,Brandon Lopez,Brandon,Lopez,True,"6'5""",204,SF,1610612763,Memphis Grizzlies,20,2016
2251,Malik Brooks,Malik,Brooks,True,"5'11""",189,PG,1610612740,New Orleans Pelicans,29,2015
2252,Marcus Carter,Marcus,Carter,True,"7'2""",274,C,1610612762,Utah Jazz,24,2015
2253,Jared Nance,Jared,Nance,True,"6'3""",187,SG,1610612739,Cleveland Cavaliers,31,2021
2254,Terry Brogdon,Terry,Brogdon,True,"7'1""",267,C,1610612758,Sacramento Kings,21,2020
2255,Gary Rozier,Gary,Rozier,True,"6'8""",224,SF,1610612739,Cleveland Cavaliers,36,2010
2256,Aaron Robinson,Aaron,Robinson,True,"6'9""",258,C,1610612738,Boston Celtics,28,2022
2257,Eric Thompson,Eric,Thompson,True,"6'1""",177,PG/SG,1610612744,Golden State Warriors,23,2013
2258,Dillon Grant,Dillon,Grant,True,"7'1""",265,C,1610612758,Sacramento Kings,21,2021
2259,Bogdan Collins,Bogdan,Collins,True,"6'7""",220,SF,1610612747,Los Angeles Lakers,35,2018
2260,Spencer Bridges,Spencer,Bridges,True,"6'7""",211,SF,1610612761,Toronto Raptors,30,2015
2261,Gordon Hayward,Gordon,Hayward,True,"6'5""",202,SG,1610612739,Cleveland Cavaliers,28,2023
2262,Wendell Schröder,Wendell,Schröder,True,"6'10""",241,PF,1610612738,Boston Celtics,34,2020
2263,Evan Green,Evan,Green,True,"6'3""",192,SG,1610612749,Milwaukee Bucks,32,2010
2264,Larry Walker,Larry,Walker,True,"5'10""",179,PG,1610612744,Golden State Warriors,22,2019
2265,Dennis Harris,Dennis,Harris,True,"7'0""",280,C,1610612753,Orlando Magic,24,2018
2266,Patrick Mitchell,Patrick,Mitchell,True,"7'0""",284,C,1610612766,Charlotte Hornets,35,2019
2267,Malcolm Powell,Malcolm,Powell,True,"6'6""",208,SF,1610612759,San Antonio Spurs,24,2010
2268,Kyle Young,Kyle,Young,True,"6'3""",191,PG,1610612749,Milwaukee Bucks,24,2011
2269,Tyler Dinwiddie,Tyler,Dinwiddie,True,"6'9""",224,PF,1610612745,Houston Rockets,34,2019
2270,Jordan Fournier,Jordan,Fournier,True,"6'5""",213,SG,1610612758,Sacramento Kings,26,2017
2271,Isaiah Mills,Isaiah,Mills,True,"5'11""",189,PG,1610612765,Detroit Pistons,21,2018
2272,Jalen Beasley,Jalen,Beasley,True,"6'11""",252,C,1610612740,New Orleans Pelicans,33,2018
2273,Brandon Porter,Brandon,Porter,True,"6'9""",228,PF/PG,1610612742,Dallas Mavericks,22,2012
2274,Malik Jackson,Malik,Jackson,True,"6'3""",196,SG,1610612764,Washington Wizards,33,2010
2275,Marcus Gordon,Marcus,Gordon,True,"6'10""",246,PF,1610612756,Phoenix Suns,26,2024
2276,Jared Lopez,Jared,Lopez,True,"6'7""",248,PF,1610612749,Milwaukee Bucks,32,2017
2277,Terry Brooks,Terry,Brooks,True,"6'1""",175,PG,1610612754,Indiana Pacers,37,2014
2278,Gary Carter,Gary,Carter,True,"6'2""",202,SG/C,1610612754,Indiana Pacers,25,2013
2279,Aaron Nance,Aaron,Nance,True,"6'1""",183,PG/C,1610612762,Utah Jazz,32,2022
2280,Eric Brogdon,Eric,Brogdon,True,"6'4""",197,SG,1610612742,Dallas Mavericks,28,2018
2281,Dillon Rozier,Dillon,Rozier,True,"6'7""",227,SF/SG,1610612747,Los Angeles Lakers,19,2020
2282,Bogdan Robinson,Bogdan,Robinson,True,"6'3""",198,SG,1610612739,Cleveland Cavaliers,23,2020
2283,Spencer Thompson,Spencer,Thompson,True,"6'10""",232,PF,1610612760,Oklahoma City Thunder,29,2019
2284,Gordon Grant,Gordon,Grant,True,"6'1""",197,PG,1610612755,Philadelphia 76ers,23,2018
2285,Wendell Collins,Wendell,Collins,True,"7'1""",256,C,1610612740,New Orleans Pelicans,26,2014
2286,Evan Bridges,Evan,Bridges,True,"6'10""",227,PF,1610612738,Boston Celtics,28,2018
2287,Larry Hayward,Larry,Hayward,True,"6'3""",197,PG,1610612747,Los Angeles Lakers,28,2013
2288,Dennis Schröder,Dennis,Schröder,True,"6'4""",211,SG,1610612749,Milwaukee Bucks,35,2016
2289,Patrick Green,Patrick,Green,True,"6'5""",205,SF,1610612743,Denver Nuggets,33,2012
2290,Malcolm Walker,Malcolm,Walker,True,"6'7""",206,SF,1610612755,Philadelphia 76ers,31,2010
2291,Kyle Harris,Kyle,Harris,True,"6'2""",181,PG,1610612756,Phoenix Suns,25,2022
2292,Tyler Mitchell,Tyler,Mitchell,True,"7'0""",255,C/PG,1610612763,Memphis Grizzlies,37,2016
2293,Jordan Powell,Jordan,Powell,True,"6'4""",227,SF,1610612747,Los Angeles Lakers,37,2019
2294,Isaiah Young,Isaiah,Young,True,"6'9""",275,C/PG,1610612748,Miami Heat,31,2022
2295,Jalen Dinwiddie,Jalen,Dinwiddie,True,"6'2""",197,SG/SF,1610612751,Brooklyn Nets,34,2016
2296,Brandon Fournier,Brandon,Fournier,True,"6'3""",191,SG/SF,1610612760,Oklahoma City Thunder,33,2019
2297,Malik Mills,Malik,Mills,True,"5'10""",178,PG,1610612751,Brooklyn Nets,32,2024
2298,Marcus Beasley,Marcus,Beasley,True,"6'3""",196,PG,1610612750,Minnesota Timberwolves,25,2016
2299,Jared Porter,Jared,Porter,True,"6'0""",197,PG,1610612762,Utah Jazz,25,2010
2300,Terry Jackson,Terry,Jackson,True,"6'7""",217,SF,1610612766,Charlotte Hornets,19,2018
2301,Gary Gordon,Gary,Gordon,True,"6'0""",181,PG,1610612761,Toronto Raptors,24,2017
2302,Aaron Lopez,Aaron,Lopez,True,"6'8""",245,PF,1610612743,Denver Nuggets,29,2016
2303,Eric Brooks,Eric,Brooks,True,"6'10""",257,C/PG,1610612752,New York Knicks,27,2018
2304,Dillon Carter,Dillon,Carter,True,"6'9""",220,PF,1610612740,New Orleans Pelicans,29,2021
2305,Bogdan Nance,Bogdan,Nance,True,"5'11""",189,PG,1610612743,Denver Nuggets,23,2014
2306,Spencer Brogdon,Spencer,Brogdon,True,"6'3""",204,SG/SF,1610612744,Golden State Warriors,20,2017
2307,Gordon Rozier,Gordon,Rozier,True,"6'8""",232,PF,1610612757,Portland Trail Blazers,34,2012
2308,Wendell Robinson,Wendell,Robinson,True,"6'11""",248,C/SG,1610612747,Los Angeles Lakers,34,2015
2309,Evan Thompson,Evan,Thompson,True,"6'3""",195,PG,1610612740,New Orleans Pelicans,20,2017
2310,Larry Grant,Larry,Grant,True,"6'5""",219,SF,1610612742,Dallas Mavericks,20,2014
2311,Dennis Collins,Dennis,Collins,True,"6'7""",235,PF,1610612741,Chicago Bulls,28,2016
2312,Patrick Bridges,Patrick,Bridges,True,"6'2""",195,PG,1610612746,Los Angeles Clippers,25,2023
2313,Malcolm Hayward,Malcolm,Hayward,True,"7'2""",282,C,1610612747,Los Angeles Lakers,33,2023
2314,Kyle Schröder,Kyle,Schröder,True,"6'4""",205,SG,1610612742,Dallas Mavericks,29,2012
2315,Tyler Green,Tyler,Green,True,"6'6""",213,SF,1610612745,Houston Rockets,22,2023
2316,Jordan Walker,Jordan,Walker,True,"6'7""",223,PF/PG,1610612742,Dallas Mavericks,19,2019
2317,Isaiah Harris,Isaiah,Harris,True,"6'7""",213,SF,1610612743,Denver Nuggets,34,2019
2318,Jalen Mitchell,Jalen,Mitchell,True,"6'8""",238,PF/SF,1610612760,Oklahoma City Thunder,21,2018
2319,Brandon Powell,Brandon,Powell,True,"6'5""",187,SG/PF,1610612766,Charlotte Hornets,23,2020
2320,Malik Young,Malik,Young,True,"6'8""",239,PF,1610612750,Minnesota Timberwolves,27,2021
2321,Marcus Dinwiddie,Marcus,Dinwiddie,True,"6'5""",228,SF,1610612744,Golden State Warriors,29,2015
2322,Jared Fournier,Jared,Fournier,True,"6'3""",193,SG,1610612753,Orlando Magic,30,2012
2323,Terry Mills,Terry,Mills,True,"6'6""",212,SF/PF,1610612741,Chicago Bulls,22,2018
2324,Gary Beasley,Gary,Beasley,True,"6'11""",278,C,1610612745,Houston Rockets,25,2016
2325,Aaron Porter,Aaron,Porter,True,"6'1""",191,PG,1610612744,Golden State Warriors,21,2024
2326,Eric Jackson,Eric,Jackson,True,"6'9""",230,PF,1610612750,Minnesota Timberwolves,25,2022
2327,Dillon Gordon,Dillon,Gordon,True,"6'3""",198,PG,1610612745,Houston Rockets,19,2016
2328,Bogdan Lopez,Bogdan,Lopez,True,"6'10""",264,C,1610612765,Detroit Pistons,26,2016
2329,Spencer Brooks,Spencer,Brooks,True,"6'9""",258,C,1610612749,Milwaukee Bucks,21,2021
2330,Gordon Carter,Gordon,Carter,True,"6'4""",211,SG/PF,1610612743,Denver Nuggets,36,2010
2331,Wendell Nance,Wendell,Nance,True,"6'7""",234,PF,1610612740,New Orleans Pelicans,22,2019
2332,Evan Brogdon,Evan,Brogdon,True,"6'10""",286,C,1610612745,Houston Rockets,28,2024
2333,Larry Rozier,Larry,Rozier,True,"6'3""",197,SG,1610612745,Houston Rockets,28,2022
2334,Dennis Robinson,Dennis,Robinson,True,"6'11""",285,C,1610612742,Dallas Mavericks,19,2016
2335,Patrick Thompson,Patrick,Thompson,True,"6'8""",221,PF,1610612765,Detroit Pistons,34,2018
2336,Malcolm Grant,Malcolm,Grant,True,"6'10""",247,C,1610612747,Los Angeles Lakers,29,2018
2337,Kyle Collins,Kyle,Collins,True,"6'9""",252,C,1610612755,Philadelphia 76ers,33,2018
2338,Tyler Bridges,Tyler,Bridges,True,"6'10""",227,PF,1610612744,Golden State Warriors,19,2015
2339,Jordan Hayward,Jordan,Hayward,True,"7'2""",268,C,1610612760,Oklahoma City Thunder,20,2015
2340,Isaiah Schröder,Isaiah,Schröder,True,"6'6""",227,SF/PG,1610612757,Portland Trail Blazers,20,2019
2341,Jalen Green,Jalen,Green,True,"6'8""",209,SF/PG,1610612744,Golden State Warriors,22,2017
2342,Brandon Walker,Brandon,Walker,True,"6'6""",214,SF,1610612758,Sacramento Kings,19,2014
2343,Malik Harris,Malik,Harris,True,"6'8""",243,PF,1610612764,Washington Wizards,36,2012
2344,Marcus Mitchell,Marcus,Mitchell,True,"6'4""",220,SF/C,1610612740,New Orleans Pelicans,20,2020
2345,Jared Powell,Jared,Powell,True,"7'2""",253,C,1610612763,Memphis Grizzlies,32,2018
2346,Terry Young,Terry,Young,True,"6'9""",248,PF/PG,1610612746,Los Angeles Clippers,20,2016
2347,Gary Dinwiddie,Gary,Dinwiddie,True,"6'3""",197,SG,1610612764,Washington Wizards,19,2020
2348,Aaron Fournier,Aaron,Fournier,True,"6'4""",227,SF,1610612755,Philadelphia 76ers,20,2021
2349,Eric Mills,Eric,Mills,True,"6'9""",282,C/SF,1610612754,Indiana Pacers,21,2018
2350,Dillon Beasley,Dillon,Beasley,True,"6'6""",227,SF/PF,1610612748,Miami Heat,37,2013
2351,Bogdan Porter,Bogdan,Porter,True,"5'10""",188,PG/SF,1610612747,Los Angeles Lakers,32,2023
2352,Spencer Jackson,Spencer,Jackson,True,"6'3""",197,PG,1610612738,Boston Celtics,36,2018
2353,Gordon Gordon,Gordon,Gordon,True,"6'8""",204,SF,1610612749,Milwaukee Bucks,19,2021
2354,Wendell Lopez,Wendell,Lopez,True,"6'3""",208,SG,1610612737,Atlanta Hawks,26,2016
2355,Evan Brooks,Evan,Brooks,True,"6'5""",206,SG/C,1610612746,Los Angeles Clippers,24,2011
2356,Larry Carter,Larry,Carter,True,"6'7""",230,PF/SG,1610612739,Cleveland Cavaliers,30,2013
2357,Dennis Nance,Dennis,Nance,True,"6'10""",241,PF,1610612743,Denver Nuggets,21,2016
2358,Patrick Brogdon,Patrick,Brogdon,True,"6'6""",229,SF/SG,1610612740,New Orleans Pelicans,33,2013
2359,Malcolm Rozier,Malcolm,Rozier,True,"6'3""",201,SG/PG,1610612753,Orlando Magic,37,2017
2360,Kyle Robinson,Kyle,Robinson,True,"6'10""",253,C,1610612751,Brooklyn Nets,23,2011
2361,Tyler Thompson,Tyler,Thompson,True,"6'1""",185,PG,1610612750,Minnesota Timberwolves,37,2024
2362,Jordan Grant,Jordan,Grant,True,"6'2""",193,SG,1610612739,Cleveland Cavaliers,22,2019
2363,Isaiah Collins,Isaiah,Collins,True,"6'4""",205,SF,1610612748,Miami Heat,32,2018
2364,Jalen Bridges,Jalen,Bridges,True,"6'3""",201,SG/SF,1610612738,Boston Celtics,21,2015
2365,Brandon Hayward,Brandon,Hayward,True,"6'10""",223,PF,1610612752,New York Knicks,30,2024
2366,Malik Schröder,Malik,Schröder,True,"7'2""",262,C,1610612762,Utah Jazz,22,2014
2367,Marcus Green,Marcus,Green,True,"6'8""",229,PF,1610612741,Chicago Bulls,27,2011
2368,Jared Walker,Jared,Walker,True,"6'1""",181,PG,1610612742,Dallas Mavericks,31,2013
2369,Terry Harris,Terry,Harris,True,"7'0""",284,C,1610612750,Minnesota Timberwolves,37,2017
2370,Gary Mitchell,Gary,Mitchell,True,"6'10""",228,PF,1610612762,Utah Jazz,30,2014
2371,Aaron Powell,Aaron,Powell,True,"6'9""",246,PF/SG,1610612760,Oklahoma City Thunder,33,2024
2372,Eric Young,Eric,Young,True,"6'5""",194,SG,1610612764,Washington Wizards,30,2017
2373,Dillon Dinwiddie,Dillon,Dinwiddie,True,"7'0""",284,C,1610612765,Detroit Pistons,33,2021
2374,Bogdan Fournier,Bogdan,Fournier,True,"5'11""",175,PG,1610612756,Phoenix Suns,36,2021
2375,Spencer Mills,Spencer,Mills,True,"6'1""",188,PG,1610612755,Philadelphia 76ers,35,2020
2376,Gordon Beasley,Gordon,Beasley,True,"7'0""",272,C,1610612740,New Orleans Pelicans,19,2021
2377,Wendell Porter,Wendell,Porter,True,"6'8""",219,SF,1610612765,Detroit Pistons,34,2011
2378,Evan Jackson,Evan,Jackson,True,"6'3""",186,SG/PG,1610612752,New York Knicks,35,2013
2379,Larry Gordon,Larry,Gordon,True,"6'8""",223,SF,1610612765,Detroit Pistons,29,2022
2380,Dennis Lopez,Dennis,Lopez,True,"6'3""",193,PG/SG,1610612750,Minnesota Timberwolves,27,2017
2381,Patrick Brooks,Patrick,Brooks,True,"6'3""",193,PG,1610612738,Boston Celtics,32,2011
2382,Malcolm Carter,Malcolm,Carter,True,"6'5""",210,SG,1610612758,Sacramento Kings,20,2011
2383,Kyle Nance,Kyle,Nance,True,"6'5""",214,SG,1610612746,Los Angeles Clippers,33,2015
2384,Tyler Brogdon,Tyler,Brogdon,True,"6'10""",226,PF/PG,1610612744,Golden State Warriors,29,2018
2385,Jordan Rozier,Jordan,Rozier,True,"6'8""",201,SF/PF,1610612760,Oklahoma City Thunder,33,2012
2386,Isaiah Robinson,Isaiah,Robinson,True,"6'9""",230,PF,1610612753,Orlando Magic,27,2014
2387,Jalen Thompson,Jalen,Thompson,True,"6'6""",203,SF,1610612744,Golden State Warriors,33,2016
2388,Brandon Grant,Brandon,Grant,True,"6'3""",197,PG,1610612755,Philadelphia 76ers,29,2022
2389,Malik Collins,Malik,Collins,True,"6'5""",206,SF,1610612737,Atlanta Hawks,33,2010
2390,Marcus Bridges,Marcus,Bridges,True,"6'3""",178,PG/C,1610612758,Sacramento Kings,29,2021
2391,Jared Hayward,Jared,Hayward,True,"6'2""",200,SG/C,1610612751,Brooklyn Nets,37,2014
2392,Terry Schröder,Terry,Schröder,True,"5'10""",181,PG,1610612742,Dallas Mavericks,29,2014
2393,Gary Green,Gary,Green,True,"7'2""",285,C,1610612751,Brooklyn Nets,31,2010
2394,Aaron Walker,Aaron,Walker,True,"6'7""",232,PF,1610612760,Oklahoma City Thunder,29,2022
2395,Eric Harris,Eric,Harris,True,"6'10""",269,C/SF,1610612747,Los Angeles Lakers,20,2018
2396,Dillon Mitchell,Dillon,Mitchell,True,"6'9""",240,PF/SF,1610612760,Oklahoma City Thunder,19,2023
2397,Bogdan Powell,Bogdan,Powell,True,"7'0""",243,C/SG,1610612757,Portland Trail Blazers,35,2015
2398,Spencer Young,Spencer,Young,True,"6'10""",226,PF,1610612753,Orlando Magic,29,2020
2399,Gordon Dinwiddie,Gordon,Dinwiddie,True,"7'1""",245,C,1610612764,Washington Wizards,25,2023
2400,Wendell Fournier,Wendell,Fournier,True,"6'2""",193,PG,1610612761,Toronto Raptors,34,2022
2401,Evan Mills,Evan,Mills,True,"6'7""",222,PF,1610612747,Los Angeles Lakers,20,2024
2402,Larry Beasley,Larry,Beasley,True,"7'2""",274,C,1610612739,Cleveland Cavaliers,37,2024
2403,Dennis Porter,Dennis,Porter,True,"6'8""",226,PF/PG,1610612756,Phoenix Suns,27,2023
2404,Patrick Jackson,Patrick,Jackson,True,"6'8""",220,SF,1610612744,Golden State Warriors,26,2015
2405,Malcolm Gordon,Malcolm,Gordon,True,"6'8""",211,SF,1610612756,Phoenix Suns,34,2010
2406,Kyle Lopez,Kyle,Lopez,True,"5'10""",182,PG,1610612757,Portland Trail Blazers,30,2024
2407,Tyler Brooks,Tyler,Brooks,True,"7'1""",244,C,1610612758,Sacramento Kings,19,2016
2408,Jordan Carter,Jordan,Carter,True,"6'7""",244,PF/C,1610612740,New Orleans Pelicans,29,2024
2409,Isaiah Nance,Isaiah,Nance,True,"6'7""",237,PF,1610612750,Minnesota Timberwolves,21,2020
2410,Jalen Brogdon,Jalen,Brogdon,True,"6'2""",204,SG,1610612749,Milwaukee Bucks,27,2015
2411,Brandon Rozier,Brandon,Rozier,True,"6'11""",275,C,1610612738,Boston Celtics,25,2019
2412,Malik Robinson,Malik,Robinson,True,"6'5""",201,SF/C,1610612750,Minnesota Timberwolves,22,2020
2413,Marcus Thompson,Marcus,Thompson,True,"6'3""",192,PG,1610612739,Cleveland Cavaliers,27,2017
2414,Jared Grant,Jared,Grant,True,"6'7""",226,SF/PF,1610612753,Orlando Magic,21,2024
2415,Terry Collins,Terry,Collins,True,"6'5""",208,SF/PF,1610612754,Indiana Pacers,36,2023
2416,Gary Bridges,Gary,Bridges,True,"6'5""",212,SG,1610612744,Golden State Warriors,20,2017
2417,Aaron Hayward,Aaron,Hayward,True,"6'10""",268,C/SG,1610612756,Phoenix Suns,32,2018
2418,Eric Schröder,Eric,Schröder,True,"5'10""",189,PG,1610612745,Houston Rockets,36,2011
2419,Dillon Green,Dillon,Green,True,"7'2""",253,C,1610612747,Los Angeles Lakers,33,2022
2420,Bogdan Walker,Bogdan,Walker,True,"6'5""",219,SF/PF,1610612752,New York Knicks,25,2019
2421,Spencer Harris,Spencer,Harris,True,"6'10""",226,PF,1610612743,Denver Nuggets,29,2021
2422,Gordon Mitchell,Gordon,Mitchell,True,"6'1""",199,PG,1610612749,Milwaukee Bucks,28,2018
2423,Wendell Powell,Wendell,Powell,True,"6'2""",214,SG,1610612744,Golden State Warriors,20,2024
2424,Evan Young,Evan,Young,True,"6'9""",227,PF,1610612745,Houston Rockets,23,2012
2425,Larry Dinwiddie,Larry,Dinwiddie,True,"6'4""",213,SG,1610612744,Golden State Warriors,36,2015
2426,Dennis Fournier,Dennis,Fournier,True,"6'2""",199,PG/SF,1610612747,Los Angeles Lakers,20,2010
2427,Patrick Mills,Patrick,Mills,True,"6'5""",202,SG/PG,1610612750,Minnesota Timberwolves,27,2024
2428,Malcolm Beasley,Malcolm,Beasley,True,"6'10""",227,PF/SG,1610612738,Boston Celtics,36,2011
2429,Kyle Porter,Kyle,Porter,True,"6'11""",269,C/SG,1610612747,Los Angeles Lakers,33,2010
2430,Tyler Jackson,Tyler,Jackson,True,"6'10""",287,C/SF,1610612750,Minnesota Timberwolves,19,2013
2431,Jordan Gordon,Jordan,Gordon,True,"6'6""",202,SF,1610612737,Atlanta Hawks,19,2013
2432,Isaiah Lopez,Isaiah,Lopez,True,"6'0""",194,PG/SF,1610612749,Milwaukee Bucks,29,2015
2433,Jalen Brooks,Jalen,Brooks,True,"7'1""",243,C,1610612754,Indiana Pacers,30,2021
2434,Brandon Carter,Brandon,Carter,True,"6'2""",198,SG,1610612755,Philadelphia 76ers,34,2018
2435,Malik Nance,Malik,Nance,True,"6'4""",206,SF,1610612745,Houston Rockets,24,2020
2436,Marcus Brogdon,Marcus,Brogdon,True,"6'11""",272,C,1610612749,Milwaukee Bucks,23,2013
2437,Jared Rozier,Jared,Rozier,True,"6'8""",221,SF,1610612742,Dallas Mavericks,33,2016
2438,Terry Robinson,Terry,Robinson,True,"6'3""",203,SG,1610612761,Toronto Raptors,36,2014
2439,Gary Thompson,Gary,Thompson,True,"6'9""",224,PF/SF,1610612755,Philadelphia 76ers,30,2020
2440,Aaron Grant,Aaron,Grant,True,"5'11""",195,PG,1610612759,San Antonio Spurs,34,2021
2441,Eric Collins,Eric,Collins,True,"6'4""",200,SG,1610612742,Dallas Mavericks,24,2023
2442,Dillon Bridges,Dillon,Bridges,True,"6'1""",195,PG,1610612751,Brooklyn Nets,33,2024
2443,Bogdan Hayward,Bogdan,Hayward,True,"6'5""",194,SG,1610612741,Chicago Bulls,27,2024
2444,Spencer Schröder,Spencer,Schröder,True,"5'10""",187,PG/SF,1610612747,Los Angeles Lakers,27,2016
2445,Gordon Green,Gordon,Green,True,"6'7""",213,SF/PG,1610612752,New York Knicks,31,2020
2446,Wendell Walker,Wendell,Walker,True,"6'2""",176,PG,1610612756,Phoenix Suns,21,2016
2447,Evan Harris,Evan,Harris,True,"6'6""",211,SF,1610612738,Boston Celtics,32,2021
2448,Larry Mitchell,Larry,Mitchell,True,"6'3""",186,PG/SG,1610612755,Philadelphia 76ers,32,2019
2449,Dennis Powell,Dennis,Powell,True,"6'8""",215,SF/SG,1610612745,Houston Rockets,28,2024
2450,Patrick Young,Patrick,Young,True,"7'0""",240,C,1610612744,Golden State Warriors,20,2020
2451,Malcolm Dinwiddie,Malcolm,Dinwiddie,True,"6'9""",288,C/PG,1610612742,Dallas Mavericks,31,2021
2452,Kyle Fournier,Kyle,Fournier,True,"6'10""",223,PF,1610612763,Memphis Grizzlies,21,2019
2453,Tyler Mills,Tyler,Mills,True,"6'3""",194,SG,1610612737,Atlanta Hawks,35,2019
2454,Jordan Beasley,Jordan,Beasley,True,"6'11""",242,C/SF,1610612766,Charlotte Hornets,22,2024
2455,Isaiah Porter,Isaiah,Porter,True,"6'5""",215,SF,1610612740,New Orleans Pelicans,33,2024
2456,Jalen Jackson,Jalen,Jackson,True,"6'3""",192,SG,1610612749,Milwaukee Bucks,37,2011
2457,Brandon Gordon,Brandon,Gordon,True,"6'8""",213,SF/PG,1610612748,Miami Heat,28,2020
2458,Malik Lopez,Malik,Lopez,True,"6'5""",203,SG/C,1610612741,Chicago Bulls,23,2023
2459,Marcus Brooks,Marcus,Brooks,True,"5'11""",176,PG/C,1610612758,Sacramento Kings,20,2018
2460,Jared Carter,Jared,Carter,True,"6'11""",249,C,1610612757,Portland Trail Blazers,24,2018
2461,Terry Nance,Terry,Nance,True,"6'0""",186,PG,1610612760,Oklahoma City Thunder,19,2016
2462,Gary Brogdon,Gary,Brogdon,True,"7'2""",251,C/PF,1610612762,Utah Jazz,24,2014
2463,Aaron Rozier,Aaron,Rozier,True,"7'2""",259,C,1610612737,Atlanta Hawks,22,2013
2464,Eric Robinson,Eric,Robinson,True,"6'4""",226,SF,1610612760,Oklahoma City Thunder,23,2018
2465,Dillon Thompson,Dillon,Thompson,True,"6'7""",246,PF,1610612755,Philadelphia 76ers,25,2018
2466,Bogdan Grant,Bogdan,Grant,True,"6'10""",248,PF,1610612753,Orlando Magic,20,2016
2467,Spencer Collins,Spencer,Collins,True,"6'5""",198,SG/SF,1610612761,Toronto Raptors,23,2013
2468,Gordon Bridges,Gordon,Bridges,True,"6'4""",189,SG/PF,1610612745,Houston Rockets,35,2019
2469,Wendell Hayward,Wendell,Hayward,True,"6'2""",190,SG/C,1610612744,Golden State Warriors,20,2013
2470,Evan Schröder,Evan,Schröder,True,"6'5""",219,SF,1610612740,New Orleans Pelicans,36,2010
2471,Larry Green,Larry,Green,True,"6'8""",207,SF,1610612748,Miami Heat,37,2016
2472,Dennis Walker,Dennis,Walker,True,"6'0""",196,PG,1610612738,Boston Celtics,37,2012
2473,Patrick Harris,Patrick,Harris,True,"6'9""",271,C/PG,1610612747,Los Angeles Lakers,29,2021
2474,Malcolm Mitchell,Malcolm,Mitchell,True,"6'10""",230,PF/C,1610612764,Washington Wizards,19,2013
2475,Kyle Powell,Kyle,Powell,True,"6'2""",196,SG/PG,1610612745,Houston Rockets,30,2016
2476,Tyler Young,Tyler,Young,True,"6'10""",230,PF,1610612743,Denver Nuggets,19,2013
2477,Jordan Dinwiddie,Jordan,Dinwiddie,True,"7'1""",281,C,1610612739,Cleveland Cavaliers,31,2015
2478,Isaiah Fournier,Isaiah,Fournier,True,"6'8""",225,SF,1610612750,Minnesota Timberwolves,29,2024
2479,Jalen Mills,Jalen,Mills,True,"6'9""",249,PF/C,1610612752,New York Knicks,28,2013
2480,Brandon Beasley,Brandon,Beasley,True,"6'10""",276,C,1610612760,Oklahoma City Thunder,22,2014
2481,Malik Porter,Malik,Porter,True,"6'2""",187,PG/PF,1610612765,Detroit Pistons,35,2018
2482,Marcus Jackson,Marcus,Jackson,True,"6'8""",232,PF,1610612753,Orlando Magic,22,2024
2483,Jared Gordon,Jared,Gordon,True,"7'0""",270,C,1610612750,Minnesota Timberwolves,34,2016
2484,Terry Lopez,Terry,Lopez,True,"6'8""",223,SF,1610612751,Brooklyn Nets,36,2024
2485,Gary Brooks,Gary,Brooks,True,"6'5""",209,SF,1610612761,Toronto Raptors,36,2010
2486,Aaron Carter,Aaron,Carter,True,"6'9""",261,C/SF,1610612759,San Antonio Spurs,21,2020
2487,Eric Nance,Eric,Nance,True,"6'3""",185,SG,1610612740,New Orleans Pelicans,30,2021
2488,Dillon Brogdon,Dillon,Brogdon,True,"5'10""",186,PG,1610612737,Atlanta Hawks,25,2021
2489,Bogdan Rozier,Bogdan,Rozier,True,"6'0""",187,PG/SF,1610612746,Los Angeles Clippers,24,2022
2490,Spencer Robinson,Spencer,Robinson,True,"6'9""",283,C,1610612748,Miami Heat,20,2018
2491,Gordon Thompson,Gordon,Thompson,True,"6'7""",209,SF,1610612737,Atlanta Hawks,34,2010
2492,Wendell Grant,Wendell,Grant,True,"6'9""",241,PF,1610612763,Memphis Grizzlies,28,2018
2493,Evan Collins,Evan,Collins,True,"6'4""",210,SG,1610612743,Denver Nuggets,34,2010
2494,Larry Bridges,Larry,Bridges,True,"6'1""",187,PG/C,1610612754,Indiana Pacers,24,2017
2495,Dennis Hayward,Dennis,Hayward,True,"7'2""",281,C,1610612766,Charlotte Hornets,26,2022
2496,Patrick Schröder,Patrick,Schröder,True,"6'4""",186,SG,1610612738,Boston Celtics,19,2011
2497,Malcolm Green,Malcolm,Green,True,"6'3""",187,SG,1610612763,Memphis Grizzlies,31,2010
2498,Kyle Walker,Kyle,Walker,True,"6'5""",190,SG,1610612744,Golden State Warriors,31,2019
2499,Tyler Harris,Tyler,Harris,True,"7'2""",244,C,1610612738,Boston Celtics,22,2012
2500,Jordan Mitchell,Jordan,Mitchell,True,"6'9""",221,PF/SF,1610612740,New Orleans Pelicans,34,2010
2501,Isaiah Powell,Isaiah,Powell,True,"6'7""",241,PF,1610612744,Golden State Warriors,21,2019
2502,Jalen Young,Jalen,Young,True,"6'3""",185,SG,1610612740,New Orleans Pelicans,23,2011
2503,Brandon Dinwiddie,Brandon,Dinwiddie,True,"6'8""",249,PF/C,1610612746,Los Angeles Clippers,30,2018
2504,Malik Fournier,Malik,Fournier,True,"6'9""",251,C/PF,1610612744,Golden State Warriors,30,2011
2505,Marcus Mills,Marcus,Mills,True,"6'3""",198,SG,1610612751,Brooklyn Nets,32,2017
2506,Jared Beasley,Jared,Beasley,True,"6'7""",218,SF,1610612738,Boston Celtics,34,2011
2507,Terry Porter,Terry,Porter,True,"7'2""",288,C/SF,1610612763,Memphis Grizzlies,36,2012
2508,Gary Jackson,Gary,Jackson,True,"6'5""",224,SF/C,1610612750,Minnesota Timberwolves,32,2024
2509,Aaron Gordon,Aaron,Gordon,True,"6'0""",175,PG/SG,1610612759,San Antonio Spurs,23,2011
2510,Eric Lopez,Eric,Lopez,True,"6'1""",199,PG,1610612745,Houston Rockets,27,2015
2511,Dillon Brooks,Dillon,Brooks,True,"6'8""",234,PF,1610612755,Philadelphia 76ers,36,2019
2512,Bogdan Carter,Bogdan,Carter,True,"6'10""",236,PF/C,1610612737,Atlanta Hawks,22,2020
2513,Spencer Nance,Spencer,Nance,True,"6'11""",251,C,1610612754,Indiana Pacers,19,2024
2514,Gordon Brogdon,Gordon,Brogdon,True,"6'11""",240,C/SG,1610612763,Memphis Grizzlies,33,2016
2515,Wendell Rozier,Wendell,Rozier,True,"6'5""",189,SG/C,1610612739,Cleveland Cavaliers,33,2017
2516,Evan Robinson,Evan,Robinson,True,"6'9""",231,PF/SF,1610612744,Golden State Warriors,30,2023
2517,Larry Thompson,Larry,Thompson,True,"6'7""",223,SF,1610612765,Detroit Pistons,37,2010
2518,Dennis Grant,Dennis,Grant,True,"6'6""",203,SF,1610612745,Houston Rockets,31,2015
2519,Patrick Collins,Patrick,Collins,True,"6'11""",248,C,1610612747,Los Angeles Lakers,37,2018
2520,Malcolm Bridges,Malcolm,Bridges,True,"6'8""",228,SF,1610612747,Los Angeles Lakers,22,2015
2521,Kyle Hayward,Kyle,Hayward,True,"6'0""",176,PG,1610612750,Minnesota Timberwolves,32,2016
2522,Tyler Schröder,Tyler,Schröder,True,"6'8""",221,PF,1610612762,Utah Jazz,37,2017
2523,Jordan Green,Jordan,Green,True,"7'0""",256,C,1610612742,Dallas Mavericks,37,2023
2524,Isaiah Walker,Isaiah,Walker,True,"6'5""",208,SF/PF,1610612741,Chicago Bulls,19,2016
2525,Jalen Harris,Jalen,Harris,True,"6'4""",220,SF,1610612756,Phoenix Suns,33,2020
2526,Brandon Mitchell,Brandon,Mitchell,True,"6'10""",249,C,1610612745,Houston Rockets,33,2011
2527,Malik Powell,Malik,Powell,True,"6'3""",185,PG,1610612744,Golden State Warriors,23,2013
2528,Marcus Young,Marcus,Young,True,"6'7""",217,SF/PF,1610612739,Cleveland Cavaliers,23,2010
2529,Jared Dinwiddie,Jared,Dinwiddie,True,"6'9""",285,C,1610612757,Portland Trail Blazers,28,2020
2530,Terry Fournier,Terry,Fournier,True,"6'0""",179,PG,1610612764,Washington Wizards,21,2020
2531,Gary Mills,Gary,Mills,True,"6'9""",275,C,1610612757,Portland Trail Blazers,21,2018
2532,Aaron Beasley,Aaron,Beasley,True,"6'8""",224,SF,1610612756,Phoenix Suns,19,2021
2533,Eric Porter,Eric,Porter,True,"6'7""",229,PF,1610612742,Dallas Mavericks,29,2020
2534,Dillon Jackson,Dillon,Jackson,True,"6'4""",203,SG,1610612758,Sacramento Kings,36,2021
2535,Bogdan Gordon,Bogdan,Gordon,True,"6'11""",246,C,1610612760,Oklahoma City Thunder,36,2015
2536,Spencer Lopez,Spencer,Lopez,True,"6'4""",189,SG,1610612740,New Orleans Pelicans,36,2022
2537,Gordon Brooks,Gordon,Brooks,True,"6'5""",200,SG,1610612747,Los Angeles Lakers,31,2024
2538,Wendell Carter,Wendell,Carter,True,"6'7""",248,PF,1610612761,Toronto Raptors,33,2024
2539,Evan Nance,Evan,Nance,True,"6'9""",278,C,1610612753,Orlando Magic,19,2010
2540,Larry Brogdon,Larry,Brogdon,True,"6'8""",221,SF/PG,1610612743,Denver Nuggets,20,2016
2541,Dennis Rozier,Dennis,Rozier,True,"6'7""",207,SF,1610612748,Miami Heat,20,2011
2542,Patrick Robinson,Patrick,Robinson,True,"5'11""",196,PG/SF,1610612741,Chicago Bulls,33,2010
2543,Malcolm Thompson,Malcolm,Thompson,True,"6'10""",248,PF,1610612758,Sacramento Kings,35,2017
2544,Kyle Grant,Kyle,Grant,True,"6'10""",245,PF/PG,1610612740,New Orleans Pelicans,35,2024
2545,Tyler Collins,Tyler,Collins,True,"6'5""",203,SF,1610612749,Milwaukee Bucks,21,2015
2546,Jordan Bridges,Jordan,Bridges,True,"5'11""",188,PG,1610612766,Charlotte Hornets,36,2010
2547,Isaiah Hayward,Isaiah,Hayward,True,"6'7""",207,SF,1610612759,San Antonio Spurs,33,2019
2548,Jalen Schröder,Jalen,Schröder,True,"6'7""",245,PF,1610612759,San Antonio Spurs,31,2019
2549,Brandon Green,Brandon,Green,True,"7'0""",285,C,1610612757,Portland Trail Blazers,27,2017
2550,Malik Walker,Malik,Walker,True,"5'10""",187,PG,1610612746,Los Angeles Clippers,24,2017
2551,Marcus Harris,Marcus,Harris,True,"7'1""",271,C,1610612763,Memphis Grizzlies,21,2023
2552,Jared Mitchell,Jared,Mitchell,True,"7'2""",281,C,1610612748,Miami Heat,31,2023
2553,Terry Powell,Terry,Powell,True,"6'8""",217,SF/PG,1610612762,Utah Jazz,19,2022
2554,Gary Young,Gary,Young,True,"6'2""",198,PG,1610612743,Denver Nuggets,26,2022
2555,Aaron Dinwiddie,Aaron,Dinwiddie,True,"6'11""",242,C,1610612756,Phoenix Suns,21,2024
2556,Eric Fournier,Eric,Fournier,True,"6'3""",208,SG,1610612764,Washington Wizards,36,2023
2557,Dillon Mills,Dillon,Mills,True,"6'11""",242,C/SF,1610612745,Houston Rockets,21,2023
2558,Bogdan Beasley,Bogdan,Beasley,True,"6'11""",251,C,1610612740,New Orleans Pelicans,29,2014
2559,Spencer Porter,Spencer,Porter,True,"6'10""",246,C,1610612749,Milwaukee Bucks,27,2018
2560,Gordon Jackson,Gordon,Jackson,True,"6'2""",190,SG,1610612739,Cleveland Cavaliers,27,2022
2561,Wendell Gordon,Wendell,Gordon,True,"6'11""",286,C/PG,1610612752,New York Knicks,37,2014
2562,Evan Lopez,Evan,Lopez,True,"6'10""",263,C,1610612755,Philadelphia 76ers,31,2019
2563,Larry Brooks,Larry,Brooks,True,"5'10""",177,PG,1610612752,New York Knicks,24,2013
2564,Dennis Carter,Dennis,Carter,True,"6'10""",276,C,1610612741,Chicago Bulls,21,2013
2565,Patrick Nance,Patrick,Nance,True,"7'0""",243,C,1610612756,Phoenix Suns,31,2019
2566,Malcolm Brogdon,Malcolm,Brogdon,True,"6'7""",233,PF/C,1610612766,Charlotte Hornets,19,2020
2567,Kyle Rozier,Kyle,Rozier,True,"5'10""",175,PG,1610612749,Milwaukee Bucks,28,2022
2568,Tyler Robinson,Tyler,Robinson,True,"6'9""",223,PF,1610612747,Los Angeles Lakers,37,2020
2569,Jordan Thompson,Jordan,Thompson,True,"5'11""",199,PG,1610612738,Boston Celtics,28,2011
2570,Isaiah Grant,Isaiah,Grant,True,"6'11""",269,C,1610612757,Portland Trail Blazers,22,2011
2571,Jalen Collins,Jalen,Collins,True,"6'2""",206,SG,1610612750,Minnesota Timberwolves,28,2016
2572,Brandon Bridges,Brandon,Bridges,True,"6'7""",225,SF,1610612754,Indiana Pacers,28,2017
2573,Malik Hayward,Malik,Hayward,True,"6'1""",199,PG/SF,1610612755,Philadelphia 76ers,27,2024
2574,Marcus Schröder,Marcus,Schröder,True,"6'5""",212,SG/C,1610612760,Oklahoma City Thunder,28,2015
2575,Jared Green,Jared,Green,True,"6'5""",227,SF,1610612738,Boston Celtics,27,2019
2576,Terry Walker,Terry,Walker,True,"6'8""",224,PF/SF,1610612753,Orlando Magic,20,2015
2577,Gary Harris,Gary,Harris,True,"6'5""",192,SG,1610612747,Los Angeles Lakers,25,2022
2578,Aaron Mitchell,Aaron,Mitchell,True,"5'10""",188,PG,1610612744,Golden State Warriors,27,2012
2579,Eric Powell,Eric,Powell,True,"6'1""",199,PG,1610612761,Toronto Raptors,19,2010
2580,Dillon Young,Dillon,Young,True,"6'2""",192,PG/SF,1610612747,Los Angeles Lakers,36,2013
2581,Bogdan Dinwiddie,Bogdan,Dinwiddie,True,"6'7""",223,SF/SG,1610612761,Toronto Raptors,28,2023
2582,Spencer Fournier,Spencer,Fournier,True,"6'7""",224,SF,1610612738,Boston Celtics,30,2010
2583,Gordon Mills,Gordon,Mills,True,"6'8""",200,SF/PG,1610612748,Miami Heat,28,2011
2584,Wendell Beasley,Wendell,Beasley,True,"6'4""",211,SF,1610612745,Houston Rockets,27,2016
2585,Evan Porter,Evan,Porter,True,"6'11""",248,C,1610612743,Denver Nuggets,31,2024
2586,Larry Jackson,Larry,Jackson,True,"6'10""",242,PF,1610612753,Orlando Magic,36,2016
2587,Dennis Gordon,Dennis,Gordon,True,"6'8""",214,SF,1610612754,Indiana Pacers,27,2019
2588,Patrick Lopez,Patrick,Lopez,True,"6'7""",202,SF/C,1610612766,Charlotte Hornets,25,2012
2589,Malcolm Brooks,Malcolm,Brooks,True,"6'10""",266,C,1610612738,Boston Celtics,31,2018
2590,Kyle Carter,Kyle,Carter,True,"6'10""",251,C,1610612748,Miami Heat,35,2022
2591,Tyler Nance,Tyler,Nance,True,"6'10""",233,PF,1610612737,Atlanta Hawks,24,2023
2592,Jordan Brogdon,Jordan,Brogdon,True,"6'3""",208,SG,1610612759,San Antonio Spurs,20,2022
2593,Isaiah Rozier,Isaiah,Rozier,True,"6'5""",193,SG,1610612751,Brooklyn Nets,31,2019
2594,Jalen Robinson,Jalen,Robinson,True,"6'3""",178,PG/SG,1610612764,Washington Wizards,21,2020
2595,Brandon Thompson,Brandon,Thompson,True,"6'0""",175,PG,1610612737,Atlanta Hawks,23,2020
2596,Malik Grant,Malik,Grant,True,"6'6""",229,SF/PF,1610612759,San Antonio Spurs,29,2012
2597,Marcus Collins,Marcus,Collins,True,"6'1""",182,PG,1610612737,Atlanta Hawks,24,2011
2598,Jared Bridges,Jared,Bridges,True,"6'10""",282,C/PF,1610612763,Memphis Grizzlies,36,2013
2599,Terry Hayward,Terry,Hayward,True,"6'3""",205,SG,1610612765,Detroit Pistons,25,2018
2600,Gary Schröder,Gary,Schröder,True,"6'2""",212,SG,1610612738,Boston Celtics,29,2018
2601,Aaron Green,Aaron,Green,True,"6'7""",229,PF,1610612742,Dallas Mavericks,21,2015
2602,Eric Walker,Eric,Walker,True,"6'9""",241,C,1610612748,Miami Heat,32,2011
2603,Dillon Harris,Dillon,Harris,True,"6'3""",179,PG,1610612750,Minnesota Timberwolves,32,2011
2604,Bogdan Mitchell,Bogdan,Mitchell,True,"6'11""",278,C,1610612745,Houston Rockets,34,2024
2605,Spencer Powell,Spencer,Powell,True,"6'9""",243,PF,1610612757,Portland Trail Blazers,25,2019
2606,Gordon Young,Gordon,Young,True,"6'4""",202,SF,1610612753,Orlando Magic,33,2023
2607,Wendell Dinwiddie,Wendell,Dinwiddie,True,"6'4""",201,SG,1610612753,Orlando Magic,24,2019
2608,Evan Fournier,Evan,Fournier,True,"7'2""",257,C,1610612743,Denver Nuggets,24,2013
2609,Larry Mills,Larry,Mills,True,"5'11""",189,PG,1610612764,Washington Wizards,20,2021
2610,Dennis Beasley,Dennis,Beasley,True,"6'3""",199,PG/SG,1610612756,Phoenix Suns,26,2023
2611,Patrick Porter,Patrick,Porter,True,"6'2""",191,PG,1610612738,Boston Celtics,35,2022
2612,Malcolm Jackson,Malcolm,Jackson,True,"6'5""",205,SG,1610612747,Los Angeles Lakers,25,2019
2613,Kyle Gordon,Kyle,Gordon,True,"6'4""",212,SF,1610612756,Phoenix Suns,24,2024
2614,Tyler Lopez,Tyler,Lopez,True,"6'2""",193,SG/PG,1610612737,Atlanta Hawks,37,2020
2615,Jordan Brooks,Jordan,Brooks,True,"6'5""",218,SF,1610612754,Indiana Pacers,27,2018
2616,Isaiah Carter,Isaiah,Carter,True,"6'3""",192,SG/C,1610612759,San Antonio Spurs,21,2020
2617,Jalen Nance,Jalen,Nance,True,"6'2""",196,SG,1610612747,Los Angeles Lakers,28,2017
2618,Brandon Brogdon,Brandon,Brogdon,True,"7'2""",284,C/PF,1610612745,Houston Rockets,28,2012
2619,Malik Rozier,Malik,Rozier,True,"6'4""",208,SF,1610612752,New York Knicks,22,2019
2620,Marcus Robinson,Marcus,Robinson,True,"6'5""",195,SG,1610612746,Los Angeles Clippers,20,2018
2621,Jared Thompson,Jared,Thompson,True,"6'2""",204,SG/PF,1610612750,Minnesota Timberwolves,30,2010
2622,Terry Grant,Terry,Grant,True,"7'0""",254,C,1610612740,New Orleans Pelicans,22,2018
2623,Gary Collins,Gary,Collins,True,"5'11""",188,PG/SF,1610612756,Phoenix Suns,22,2023
2624,Aaron Bridges,Aaron,Bridges,True,"7'1""",250,C,1610612748,Miami Heat,33,2021
2625,Eric Hayward,Eric,Hayward,True,"6'2""",197,SG,1610612750,Minnesota Timberwolves,31,2016
2626,Dillon Schröder,Dillon,Schröder,True,"6'2""",200,SG,1610612757,Portland Trail Blazers,27,2011
2627,Bogdan Green,Bogdan,Green,True,"6'10""",259,C,1610612743,Denver Nuggets,32,2024
2628,Spencer Walker,Spencer,Walker,True,"6'5""",192,SG/SF,1610612742,Dallas Mavericks,33,2020
2629,Gordon Harris,Gordon,Harris,True,"6'7""",207,SF,1610612763,Memphis Grizzlies,36,2018
2630,Wendell Mitchell,Wendell,Mitchell,True,"6'3""",208,SG/PG,1610612758,Sacramento Kings,28,2022
2631,Evan Powell,Evan,Powell,True,"7'2""",285,C,1610612743,Denver Nuggets,35,2015
2632,Larry Young,Larry,Young,True,"7'0""",245,C/PF,1610612743,Denver Nuggets,20,2021
2633,Dennis Dinwiddie,Dennis,Dinwiddie,True,"6'1""",178,PG,1610612741,Chicago Bulls,25,2015
2634,Patrick Fournier,Patrick,Fournier,True,"6'9""",281,C/SG,1610612764,Washington Wizards,22,2014
2635,Malcolm Mills,Malcolm,Mills,True,"6'2""",213,SG/PG,1610612752,New York Knicks,22,2017
2636,Kyle Beasley,Kyle,Beasley,True,"6'9""",241,C,1610612759,San Antonio Spurs,27,2017
2637,Tyler Porter,Tyler,Porter,True,"6'1""",190,PG,1610612763,Memphis Grizzlies,25,2016
2638,Jordan Jackson,Jordan,Jackson,True,"6'9""",252,C,1610612765,Detroit Pistons,36,2018
2639,Isaiah Gordon,Isaiah,Gordon,True,"6'3""",210,SG,1610612745,Houston Rockets,34,2020
2640,Jalen Lopez,Jalen,Lopez,True,"6'7""",235,PF,1610612748,Miami Heat,26,2023
2641,Brandon Brooks,Brandon,Brooks,True,"6'11""",289,C,1610612737,Atlanta Hawks,29,2014
2642,Malik Carter,Malik,Carter,True,"6'5""",196,SG/SF,1610612755,Philadelphia 76ers,28,2022
2643,Marcus Nance,Marcus,Nance,True,"5'11""",194,PG,1610612753,Orlando Magic,36,2015
2644,Jared Brogdon,Jared,Brogdon,True,"6'4""",220,SF,1610612748,Miami Heat,29,2022
2645,Terry Rozier,Terry,Rozier,True,"6'11""",270,C,1610612766,Charlotte Hornets,37,2014
2646,Gary Robinson,Gary,Robinson,True,"6'8""",222,SF/PF,1610612743,Denver Nuggets,29,2014
2647,Aaron Thompson,Aaron,Thompson,True,"7'0""",288,C,1610612755,Philadelphia 76ers,19,2010
2648,Eric Grant,Eric,Grant,True,"6'4""",204,SG/C,1610612751,Brooklyn Nets,21,2010
2649,Dillon Collins,Dillon,Collins,True,"6'0""",190,PG,1610612751,Brooklyn Nets,29,2014
2650,Bogdan Bridges,Bogdan,Bridges,True,"6'10""",227,PF,1610612744,Golden State Warriors,36,2014
2651,Spencer Hayward,Spencer,Hayward,True,"6'2""",192,PG,1610612753,Orlando Magic,21,2024
2652,Gordon Schröder,Gordon,Schröder,True,"6'2""",191,PG,1610612745,Houston Rockets,35,2012
2653,Wendell Green,Wendell,Green,True,"7'2""",240,C/PG,1610612756,Phoenix Suns,24,2022
2654,Evan Walker,Evan,Walker,True,"6'5""",203,SF,1610612738,Boston Celtics,31,2020
2655,Larry Harris,Larry,Harris,True,"6'9""",237,PF,1610612746,Los Angeles Clippers,31,2014
2656,Dennis Mitchell,Dennis,Mitchell,True,"6'5""",191,SG,1610612747,Los Angeles Lakers,36,2024
2657,Patrick Powell,Patrick,Powell,True,"6'3""",194,PG,1610612749,Milwaukee Bucks,36,2011
2658,Malcolm Young,Malcolm,Young,True,"6'10""",248,C/SG,1610612748,Miami Heat,22,2012
2659,Kyle Dinwiddie,Kyle,Dinwiddie,True,"6'5""",219,SF,1610612740,New Orleans Pelicans,27,2012
2660,Tyler Fournier,Tyler,Fournier,True,"6'7""",215,SF,1610612762,Utah Jazz,29,2016
2661,Jordan Mills,Jordan,Mills,True,"6'5""",203,SG,1610612737,Atlanta Hawks,33,2023
2662,Isaiah Beasley,Isaiah,Beasley,True,"6'3""",211,SG/PG,1610612745,Houston Rockets,36,2012
2663,Jalen Porter,Jalen,Porter,True,"6'5""",201,SG,1610612766,Charlotte Hornets,25,2015
2664,Brandon Jackson,Brandon,Jackson,True,"6'5""",197,SG,1610612765,Detroit Pistons,30,2011
2665,Malik Gordon,Malik,Gordon,True,"6'9""",241,PF,1610612753,Orlando Magic,35,2017
2666,Marcus Lopez,Marcus,Lopez,True,"6'11""",265,C,1610612760,Oklahoma City Thunder,25,2023
2667,Jared Brooks,Jared,Brooks,True,"6'2""",185,PG/SG,1610612740,New Orleans Pelicans,28,2019
2668,Terry Carter,Terry,Carter,True,"6'7""",220,PF/C,1610612752,New York Knicks,33,2020
2669,Gary Nance,Gary,Nance,True,"6'11""",242,C,1610612746,Los Angeles Clippers,30,2020
2670,Aaron Brogdon,Aaron,Brogdon,True,"6'7""",217,SF,1610612748,Miami Heat,19,2021
2671,Eric Rozier,Eric,Rozier,True,"6'3""",195,SG,1610612744,Golden State Warriors,23,2017
2672,Dillon Robinson,Dillon,Robinson,True,"6'6""",217,SF/PF,1610612750,Minnesota Timberwolves,28,2022
2673,Bogdan Thompson,Bogdan,Thompson,True,"6'6""",217,SF,1610612761,Toronto Raptors,21,2024
2674,Spencer Grant,Spencer,Grant,True,"6'9""",226,PF,1610612741,Chicago Bulls,33,2015
2675,Gordon Collins,Gordon,Collins,True,"6'6""",224,SF/PG,1610612750,Minnesota Timberwolves,25,2013
2676,Wendell Bridges,Wendell,Bridges,True,"6'4""",191,SG,1610612761,Toronto Raptors,24,2023
2677,Evan Hayward,Evan,Hayward,True,"7'2""",257,C,1610612737,Atlanta Hawks,20,2012
2678,Larry Schröder,Larry,Schröder,True,"6'9""",250,C,1610612740,New Orleans Pelicans,28,2021
2679,Dennis Green,Dennis,Green,True,"6'5""",191,SG,1610612746,Los Angeles Clippers,36,2012
2680,Patrick Walker,Patrick,Walker,True,"6'4""",228,SF/SG,1610612760,Oklahoma City Thunder,29,2015
2681,Malcolm Harris,Malcolm,Harris,True,"5'10""",176,PG,1610612744,Golden State Warriors,31,2021
2682,Kyle Mitchell,Kyle,Mitchell,True,"6'9""",229,PF,1610612740,New Orleans Pelicans,34,2011
2683,Tyler Powell,Tyler,Powell,True,"6'5""",194,SG,1610612753,Orlando Magic,24,2014
2684,Jordan Young,Jordan,Young,True,"6'3""",192,PG,1610612753,Orlando Magic,25,2022
2685,Isaiah Dinwiddie,Isaiah,Dinwiddie,True,"6'4""",192,SG/PG,1610612753,Orlando Magic,34,2018
2686,Jalen Fournier,Jalen,Fournier,True,"6'6""",229,SF,1610612745,Houston Rockets,28,2013
2687,Brandon Mills,Brandon,Mills,True,"7'1""",266,C,1610612748,Miami Heat,26,2014
2688,Malik Beasley,Malik,Beasley,True,"6'7""",203,SF,1610612743,Denver Nuggets,34,2020
2689,Marcus Porter,Marcus,Porter,True,"5'11""",184,PG/C,1610612754,Indiana Pacers,26,2014
2690,Jared Jackson,Jared,Jackson,True,"6'11""",278,C,1610612752,New York Knicks,20,2013
2691,Terry Gordon,Terry,Gordon,True,"6'10""",237,PF,1610612753,Orlando Magic,23,2012
2692,Gary Lopez,Gary,Lopez,True,"6'5""",216,SF,1610612741,Chicago Bulls,25,2014
2693,Aaron Brooks,Aaron,Brooks,True,"6'7""",248,PF,1610612745,Houston Rockets,26,2023
2694,Eric Carter,Eric,Carter,True,"6'4""",206,SF/PF,1610612739,Cleveland Cavaliers,31,2023
2695,Dillon Nance,Dillon,Nance,True,"6'7""",246,PF,1610612746,Los Angeles Clippers,33,2023
2696,Bogdan Brogdon,Bogdan,Brogdon,True,"6'0""",179,PG,1610612761,Toronto Raptors,32,2020
2697,Spencer Rozier,Spencer,Rozier,True,"6'10""",229,PF,1610612760,Oklahoma City Thunder,26,2024
2698,Gordon Robinson,Gordon,Robinson,True,"7'0""",245,C,1610612763,Memphis Grizzlies,24,2016
2699,Wendell Thompson,Wendell,Thompson,True,"6'0""",181,PG,1610612741,Chicago Bulls,25,2010
2700,Evan Grant,Evan,Grant,True,"6'8""",224,PF,1610612758,Sacramento Kings,19,2018
2701,Larry Collins,Larry,Collins,True,"6'4""",212,SF/PF,1610612755,Philadelphia 76ers,26,2024
2702,Dennis Bridges,Dennis,Bridges,True,"6'10""",222,PF,1610612738,Boston Celtics,34,2023
2703,Patrick Hayward,Patrick,Hayward,True,"6'0""",196,PG,1610612740,New Orleans Pelicans,31,2023
2704,Malcolm Schröder,Malcolm,Schröder,True,"6'3""",191,SG,1610612747,Los Angeles Lakers,20,2011
2705,Kyle Green,Kyle,Green,True,"6'8""",224,SF,1610612750,Minnesota Timberwolves,35,2019
2706,Tyler Walker,Tyler,Walker,True,"6'3""",193,PG,1610612741,Chicago Bulls,34,2013
2707,Jordan Harris,Jordan,Harris,True,"6'3""",207,SG,1610612757,Portland Trail Blazers,35,2018
2708,Isaiah Mitchell,Isaiah,Mitchell,True,"6'9""",227,PF,1610612753,Orlando Magic,20,2019
2709,Jalen Powell,Jalen,Powell,True,"6'9""",249,PF,1610612745,Houston Rockets,29,2012
2710,Brandon Young,Brandon,Young,True,"6'8""",240,PF,1610612741,Chicago Bulls,21,2016
2711,Malik Dinwiddie,Malik,Dinwiddie,True,"7'0""",255,C,1610612743,Denver Nuggets,31,2014
2712,Marcus Fournier,Marcus,Fournier,True,"6'5""",221,SF/SG,1610612747,Los Angeles Lakers,28,2016
2713,Jared Mills,Jared,Mills,True,"6'6""",200,SF,1610612741,Chicago Bulls,22,2014
2714,Terry Beasley,Terry,Beasley,True,"6'10""",242,PF,1610612749,Milwaukee Bucks,31,2011
2715,Gary Porter,Gary,Porter,True,"6'10""",260,C,1610612744,Golden State Warriors,24,2021
2716,Aaron Jackson,Aaron,Jackson,True,"6'6""",204,SF,1610612765,Detroit Pistons,22,2015
2717,Eric Gordon,Eric,Gordon,True,"6'9""",249,PF,1610612746,Los Angeles Clippers,28,2019
2718,Dillon Lopez,Dillon,Lopez,True,"6'3""",184,PG,1610612761,Toronto Raptors,31,2012
2719,Bogdan Brooks,Bogdan,Brooks,True,"6'3""",182,PG/SG,1610612751,Brooklyn Nets,25,2013
2720,Spencer Carter,Spencer,Carter,True,"6'5""",206,SF/C,1610612744,Golden State Warriors,33,2018
2721,Gordon Nance,Gordon,Nance,True,"6'0""",195,PG,1610612764,Washington Wizards,19,2020
2722,Wendell Brogdon,Wendell,Brogdon,True,"6'0""",176,PG/C,1610612746,Los Angeles Clippers,26,2015
2723,Evan Rozier,Evan,Rozier,True,"5'10""",175,PG/SF,1610612740,New Orleans Pelicans,34,2014
2724,Larry Robinson,Larry,Robinson,True,"7'1""",277,C,1610612764,Washington Wizards,32,2016
2725,Dennis Thompson,Dennis,Thompson,True,"6'2""",210,SG/C,1610612756,Phoenix Suns,22,2013
2726,Patrick Grant,Patrick,Grant,True,"6'5""",209,SF,1610612763,Memphis Grizzlies,33,2015
2727,Malcolm Collins,Malcolm,Collins,True,"6'0""",189,PG,1610612764,Washington Wizards,19,2021
2728,Kyle Bridges,Kyle,Bridges,True,"7'2""",285,C/SG,1610612742,Dallas Mavericks,37,2018
2729,Tyler Hayward,Tyler,Hayward,True,"5'11""",187,PG,1610612750,Minnesota Timberwolves,36,2011
2730,Jordan Schröder,Jordan,Schröder,True,"5'11""",197,PG,1610612742,Dallas Mavericks,19,2019
2731,Isaiah Green,Isaiah,Green,True,"6'9""",235,PF,1610612755,Philadelphia 76ers,30,2013
2732,Jalen Walker,Jalen,Walker,True,"6'0""",198,PG/SF,1610612753,Orlando Magic,35,2018
2733,Brandon Harris,Brandon,Harris,True,"6'10""",243,C/SG,1610612751,Brooklyn Nets,31,2021
2734,Malik Mitchell,Malik,Mitchell,True,"6'0""",181,PG/SF,1610612747,Los Angeles Lakers,36,2014
2735,Marcus Powell,Marcus,Powell,True,"6'4""",198,SG,1610612752,New York Knicks,19,2013
2736,Jared Young,Jared,Young,True,"6'9""",261,C,1610612755,Philadelphia 76ers,19,2011
2737,Terry Dinwiddie,Terry,Dinwiddie,True,"6'7""",229,SF,1610612764,Washington Wizards,35,2013
2738,Gary Fournier,Gary,Fournier,True,"6'3""",199,SG,1610612743,Denver Nuggets,31,2022
2739,Aaron Mills,Aaron,Mills,True,"7'1""",279,C,1610612747,Los Angeles Lakers,24,2010
2740,Eric Beasley,Eric,Beasley,True,"7'1""",287,C,1610612750,Minnesota Timberwolves,25,2022
2741,Dillon Porter,Dillon,Porter,True,"6'9""",229,PF,1610612762,Utah Jazz,37,2017
2742,Bogdan Jackson,Bogdan,Jackson,True,"6'8""",201,SF,1610612744,Golden State Warriors,27,2016
2743,Spencer Gordon,Spencer,Gordon,True,"6'3""",190,PG/SG,1610612744,Golden State Warriors,21,2010
2744,Gordon Lopez,Gordon,Lopez,True,"7'1""",279,C,1610612750,Minnesota Timberwolves,37,2021
2745,Wendell Brooks,Wendell,Brooks,True,"6'3""",194,PG/SF,1610612747,Los Angeles Lakers,36,2018
2746,Evan Carter,Evan,Carter,True,"6'0""",196,PG/SG,1610612743,Denver Nuggets,36,2012
2747,Larry Nance,Larry,Nance,True,"6'4""",228,SF,1610612753,Orlando Magic,34,2023
2748,Dennis Brogdon,Dennis,Brogdon,True,"6'9""",277,C,1610612739,Cleveland Cavaliers,37,2023
2749,Patrick Rozier,Patrick,Rozier,True,"6'6""",221,SF,1610612764,Washington Wizards,23,2024
2750,Malcolm Robinson,Malcolm,Robinson,True,"6'10""",238,PF,1610612759,San Antonio Spurs,28,2015
2751,Kyle Thompson,Kyle,Thompson,True,"6'4""",224,SF,1610612747,Los Angeles Lakers,19,2015
2752,Tyler Grant,Tyler,Grant,True,"6'4""",189,SG,1610612747,Los Angeles Lakers,33,2023
2753,Jordan Collins,Jordan,Collins,True,"6'10""",239,PF,1610612763,Memphis Grizzlies,23,2022
2754,Isaiah Bridges,Isaiah,Bridges,True,"6'0""",185,PG,1610612763,Memphis Grizzlies,25,2013
2755,Jalen Hayward,Jalen,Hayward,True,"6'8""",234,PF,1610612759,San Antonio Spurs,24,2022
2756,Brandon Schröder,Brandon,Schröder,True,"6'10""",240,PF,1610612762,Utah Jazz,29,2018
2757,Malik Green,Malik,Green,True,"6'8""",224,SF,1610612746,Los Angeles Clippers,20,2010
2758,Marcus Walker,Marcus,Walker,True,"6'5""",203,SG,1610612763,Memphis Grizzlies,23,2020
2759,Jared Harris,Jared,Harris,True,"6'7""",219,SF/SG,1610612740,New Orleans Pelicans,26,2020
2760,Terry Mitchell,Terry,Mitchell,True,"6'6""",210,SF/PF,1610612738,Boston Celtics,33,2015
2761,Gary Powell,Gary,Powell,True,"6'2""",211,SG,1610612740,New Orleans Pelicans,37,2010
2762,Aaron Young,Aaron,Young,True,"6'10""",287,C/PF,1610612745,Houston Rockets,19,2010
2763,Eric Dinwiddie,Eric,Dinwiddie,True,"6'5""",188,SG/C,1610612746,Los Angeles Clippers,29,2012
2764,Dillon Fournier,Dillon,Fournier,True,"6'7""",210,SF/SG,1610612744,Golden State Warriors,35,2018
2765,Bogdan Mills,Bogdan,Mills,True,"6'11""",249,C,1610612749,Milwaukee Bucks,29,2020
2766,Spencer Beasley,Spencer,Beasley,True,"5'11""",176,PG,1610612738,Boston Celtics,30,2017
2767,Gordon Porter,Gordon,Porter,True,"6'11""",271,C/SF,1610612737,Atlanta Hawks,26,2017
2768,Wendell Jackson,Wendell,Jackson,True,"6'5""",208,SG,1610612741,Chicago Bulls,21,2017
2769,Evan Gordon,Evan,Gordon,True,"6'6""",204,SF/PF,1610612760,Oklahoma City Thunder,35,2010
2770,Larry Lopez,Larry,Lopez,True,"6'1""",199,PG,1610612761,Toronto Raptors,31,2014
2771,Dennis Brooks,Dennis,Brooks,True,"6'3""",195,PG,1610612758,Sacramento Kings,19,2020
2772,Patrick Carter,Patrick,Carter,True,"6'2""",181,PG,1610612740,New Orleans Pelicans,25,2022
2773,Malcolm Nance,Malcolm,Nance,True,"6'3""",201,SG/C,1610612738,Boston Celtics,19,2022
2774,Kyle Brogdon,Kyle,Brogdon,True,"7'1""",260,C,1610612742,Dallas Mavericks,34,2023
2775,Tyler Rozier,Tyler,Rozier,True,"6'7""",243,PF/SF,1610612764,Washington Wizards,23,2016
2776,Jordan Robinson,Jordan,Robinson,True,"6'9""",248,PF/SF,1610612738,Boston Celtics,35,2012
2777,Isaiah Thompson,Isaiah,Thompson,True,"6'8""",200,SF,1610612741,Chicago Bulls,28,2017
2778,Jalen Grant,Jalen,Grant,True,"6'8""",243,PF,1610612754,Indiana Pacers,26,2021
2779,Brandon Collins,Brandon,Collins,True,"6'5""",204,SG,1610612763,Memphis Grizzlies,27,2020
2780,Malik Bridges,Malik,Bridges,True,"6'2""",187,SG,1610612741,Chicago Bulls,21,2024
2781,Marcus Hayward,Marcus,Hayward,True,"6'10""",235,PF,1610612738,Boston Celtics,24,2023
2782,Jared Schröder,Jared,Schröder,True,"6'4""",223,SF,1610612737,Atlanta Hawks,22,2015
2783,Terry Green,Terry,Green,True,"6'10""",247,PF,1610612744,Golden State Warriors,28,2013
2784,Gary Walker,Gary,Walker,True,"7'2""",274,C,1610612765,Detroit Pistons,21,2010
2785,Aaron Harris,Aaron,Harris,True,"6'2""",211,SG/SF,1610612743,Denver Nuggets,31,2021
2786,Eric Mitchell,Eric,Mitchell,True,"6'9""",226,PF,1610612755,Philadelphia 76ers,22,2011
2787,Dillon Powell,Dillon,Powell,True,"6'9""",249,PF,1610612743,Denver Nuggets,19,2014
2788,Bogdan Young,Bogdan,Young,True,"5'10""",196,PG,1610612737,Atlanta Hawks,36,2014
2789,Spencer Dinwiddie,Spencer,Dinwiddie,True,"6'6""",206,SF,1610612742,Dallas Mavericks,33,2017
2790,Gordon Fournier,Gordon,Fournier,True,"6'5""",228,SF,1610612745,Houston Rockets,31,2018
2791,Wendell Mills,Wendell,Mills,True,"7'1""",278,C,1610612764,Washington Wizards,30,2018
2792,Evan Beasley,Evan,Beasley,True,"5'11""",199,PG,1610612753,Orlando Magic,20,2017
2793,Larry Porter,Larry,Porter,True,"6'10""",222,PF,1610612749,Milwaukee Bucks,19,2023
2794,Dennis Jackson,Dennis,Jackson,True,"6'3""",198,PG/SF,1610612755,Philadelphia 76ers,26,2012
2795,Patrick Gordon,Patrick,Gordon,True,"6'10""",237,PF,1610612741,Chicago Bulls,35,2010
2796,Malcolm Lopez,Malcolm,Lopez,True,"6'6""",216,SF,1610612759,San Antonio Spurs,26,2017
2797,Kyle Brooks,Kyle,Brooks,True,"6'3""",181,PG,1610612758,Sacramento Kings,30,2016
2798,Tyler Carter,Tyler,Carter,True,"6'7""",209,SF,1610612740,New Orleans Pelicans,27,2022
2799,Jordan Nance,Jordan,Nance,True,"6'2""",201,SG,1610612738,Boston Celtics,31,2016
2800,Isaiah Brogdon,Isaiah,Brogdon,True,"7'0""",268,C/SF,1610612748,Miami Heat,31,2024
2801,Jalen Rozier,Jalen,Rozier,True,"6'2""",183,PG,1610612756,Phoenix Suns,23,2024
2802,Brandon Robinson,Brandon,Robinson,True,"7'0""",270,C/PG,1610612765,Detroit Pistons,23,2023
2803,Malik Thompson,Malik,Thompson,True,"6'8""",237,PF/C,1610612753,Orlando Magic,35,2012
2804,Marcus Grant,Marcus,Grant,True,"6'4""",194,SG,1610612758,Sacramento Kings,21,2013
2805,Jared Collins,Jared,Collins,True,"6'5""",229,SF/C,1610612746,Los Angeles Clippers,31,2022
2806,Terry Bridges,Terry,Bridges,True,"6'7""",223,PF,1610612763,Memphis Grizzlies,24,2016
2807,Gary Hayward,Gary,Hayward,True,"6'8""",213,SF,1610612743,Denver Nuggets,35,2012
2808,Aaron Schröder,Aaron,Schröder,True,"6'11""",275,C/SF,1610612763,Memphis Grizzlies,23,2019
2809,Eric Green,Eric,Green,True,"6'2""",182,PG,1610612749,Milwaukee Bucks,34,2018
2810,Dillon Walker,Dillon,Walker,True,"6'0""",176,PG,1610612754,Indiana Pacers,20,2016
2811,Bogdan Harris,Bogdan,Harris,True,"6'8""",220,PF,1610612742,Dallas Mavericks,25,2020
2812,Spencer Mitchell,Spencer,Mitchell,True,"5'10""",183,PG/C,1610612753,Orlando Magic,26,2011
2813,Gordon Powell,Gordon,Powell,True,"6'8""",232,PF/SG,1610612744,Golden State Warriors,19,2019
2814,Wendell Young,Wendell,Young,True,"6'10""",286,C/PG,1610612747,Los Angeles Lakers,35,2014
2815,Evan Dinwiddie,Evan,Dinwiddie,True,"6'9""",223,PF,1610612762,Utah Jazz,19,2011
2816,Larry Fournier,Larry,Fournier,True,"6'6""",204,SF/PF,1610612752,New York Knicks,30,2014
2817,Dennis Mills,Dennis,Mills,True,"6'10""",280,C/SG,1610612756,Phoenix Suns,23,2015
2818,Patrick Beasley,Patrick,Beasley,True,"6'10""",283,C,1610612766,Charlotte Hornets,20,2013
2819,Malcolm Porter,Malcolm,Porter,True,"6'10""",273,C/SG,1610612741,Chicago Bulls,32,2023
2820,Kyle Jackson,Kyle,Jackson,True,"6'3""",197,SG/SF,1610612746,Los Angeles Clippers,35,2021
2821,Tyler Gordon,Tyler,Gordon,True,"6'3""",210,SG/SF,1610612744,Golden State Warriors,19,2012
2822,Jordan Lopez,Jordan,Lopez,True,"6'2""",176,PG/SF,1610612740,New Orleans Pelicans,27,2012
2823,Isaiah Brooks,Isaiah,Brooks,True,"6'9""",232,PF,1610612763,Memphis Grizzlies,28,2014
2824,Jalen Carter,Jalen,Carter,True,"6'9""",285,C/SG,1610612750,Minnesota Timberwolves,34,2016
2825,Brandon Nance,Brandon,Nance,True,"7'1""",284,C/SF,1610612737,Atlanta Hawks,20,2015
2826,Malik Brogdon,Malik,Brogdon,True,"7'1""",240,C,1610612741,Chicago Bulls,19,2011
2827,Marcus Rozier,Marcus,Rozier,True,"6'4""",187,SG/SF,1610612742,Dallas Mavericks,23,2017
2828,Jared Robinson,Jared,Robinson,True,"6'2""",205,SG,1610612761,Toronto Raptors,36,2013
2829,Terry Thompson,Terry,Thompson,True,"6'2""",199,SG/C,1610612749,Milwaukee Bucks,22,2011
2830,Gary Grant,Gary,Grant,True,"6'9""",248,C/PG,1610612757,Portland Trail Blazers,20,2021
2831,Aaron Collins,Aaron,Collins,True,"6'6""",213,SF,1610612762,Utah Jazz,21,2011
2832,Eric Bridges,Eric,Bridges,True,"7'2""",252,C,1610612752,New York Knicks,27,2023
2833,Dillon Hayward,Dillon,Hayward,True,"6'9""",263,C,1610612739,Cleveland Cavaliers,21,2015
2834,Bogdan Schröder,Bogdan,Schröder,True,"6'4""",215,SF,1610612766,Charlotte Hornets,28,2018
2835,Spencer Green,Spencer,Green,True,"6'4""",197,SG,1610612764,Washington Wizards,23,2019
2836,Gordon Walker,Gordon,Walker,True,"6'6""",206,SF,1610612756,Phoenix Suns,19,2010
2837,Wendell Harris,Wendell,Harris,True,"7'0""",243,C,1610612754,Indiana Pacers,25,2020
2838,Evan Mitchell,Evan,Mitchell,True,"6'6""",206,SF/C,1610612760,Oklahoma City Thunder,20,2024
2839,Larry Powell,Larry,Powell,True,"5'10""",175,PG/SG,1610612762,Utah Jazz,30,2010
2840,Dennis Young,Dennis,Young,True,"6'9""",227,PF,1610612764,Washington Wizards,23,2015
2841,Patrick Dinwiddie,Patrick,Dinwiddie,True,"6'7""",225,PF,1610612757,Portland Trail Blazers,35,2014
2842,Malcolm Fournier,Malcolm,Fournier,True,"6'6""",222,SF,1610612753,Orlando Magic,31,2010
2843,Kyle Mills,Kyle,Mills,True,"5'11""",186,PG,1610612766,Charlotte Hornets,19,2011
2844,Tyler Beasley,Tyler,Beasley,True,"6'2""",186,PG,1610612758,Sacramento Kings,22,2018
2845,Jordan Porter,Jordan,Porter,True,"6'2""",206,SG,1610612763,Memphis Grizzlies,37,2021
2846,Isaiah Jackson,Isaiah,Jackson,True,"6'4""",229,SF,1610612757,Portland Trail Blazers,19,2010
2847,Jalen Gordon,Jalen,Gordon,True,"6'3""",209,SG,1610612759,San Antonio Spurs,25,2012
2848,Brandon Lopez,Brandon,Lopez,True,"5'11""",193,PG/PF,1610612765,Detroit Pistons,31,2012
2849,Malik Brooks,Malik,Brooks,True,"5'10""",188,PG,1610612747,Los Angeles Lakers,30,2011
2850,Marcus Carter,Marcus,Carter,True,"6'10""",256,C/SG,1610612751,Brooklyn Nets,34,2017
2851,Jared Nance,Jared,Nance,True,"6'4""",212,SG,1610612765,Detroit Pistons,31,2023
2852,Terry Brogdon,Terry,Brogdon,True,"6'10""",225,PF,1610612752,New York Knicks,29,2012
2853,Gary Rozier,Gary,Rozier,True,"6'6""",200,SF/PG,1610612758,Sacramento Kings,26,2010
2854,Aaron Robinson,Aaron,Robinson,True,"6'1""",198,PG/C,1610612751,Brooklyn Nets,35,2019
2855,Eric Thompson,Eric,Thompson,True,"6'6""",210,SF,1610612752,New York Knicks,31,2014
2856,Dillon Grant,Dillon,Grant,True,"6'7""",208,SF/SG,1610612742,Dallas Mavericks,28,2013
2857,Bogdan Collins,Bogdan,Collins,True,"6'3""",214,SG/C,1610612766,Charlotte Hornets,35,2017
2858,Spencer Bridges,Spencer,Bridges,True,"6'8""",216,SF,1610612747,Los Angeles Lakers,29,2020
2859,Gordon Hayward,Gordon,Hayward,True,"6'6""",214,SF,1610612751,Brooklyn Nets,30,2020
2860,Wendell Schröder,Wendell,Schröder,True,"7'0""",286,C,1610612756,Phoenix Suns,23,2019
2861,Evan Green,Evan,Green,True,"6'7""",227,PF,1610612749,Milwaukee Bucks,19,2014
2862,Larry Walker,Larry,Walker,True,"6'4""",215,SF/C,1610612757,Portland Trail Blazers,32,2012
2863,Dennis Harris,Dennis,Harris,True,"6'8""",212,SF,1610612751,Brooklyn Nets,36,2024
2864,Patrick Mitchell,Patrick,Mitchell,True,"6'1""",180,PG/SG,1610612741,Chicago Bulls,30,2017
2865,Malcolm Powell,Malcolm,Powell,True,"6'5""",190,SG,1610612759,San Antonio Spurs,33,2022
2866,Kyle Young,Kyle,Young,True,"6'4""",217,SF,1610612761,Toronto Raptors,31,2016
2867,Tyler Dinwiddie,Tyler,Dinwiddie,True,"6'0""",190,PG,1610612766,Charlotte Hornets,31,2010
2868,Jordan Fournier,Jordan,Fournier,True,"6'4""",203,SF/SG,1610612747,Los Angeles Lakers,27,2017
2869,Isaiah Mills,Isaiah,Mills,True,"6'0""",198,PG/C,1610612739,Cleveland Cavaliers,24,2012
2870,Jalen Beasley,Jalen,Beasley,True,"6'8""",234,PF/C,1610612763,Memphis Grizzlies,20,2018
2871,Brandon Porter,Brandon,Porter,True,"6'5""",198,SG,1610612766,Charlotte Hornets,26,2011
2872,Malik Jackson,Malik,Jackson,True,"7'1""",267,C/PF,1610612745,Houston Rockets,34,2018
2873,Marcus Gordon,Marcus,Gordon,True,"6'8""",209,SF,1610612740,New Orleans Pelicans,27,2023
2874,Jared Lopez,Jared,Lopez,True,"6'10""",221,PF/C,1610612750,Minnesota Timberwolves,30,2010
2875,Terry Brooks,Terry,Brooks,True,"6'4""",206,SG,1610612746,Los Angeles Clippers,30,2021
2876,Gary Carter,Gary,Carter,True,"7'2""",266,C,1610612764,Washington Wizards,27,2011
2877,Aaron Nance,Aaron,Nance,True,"6'0""",185,PG,1610612758,Sacramento Kings,21,2012
2878,Eric Brogdon,Eric,Brogdon,True,"6'8""",221,PF,1610612752,New York Knicks,28,2012
2879,Dillon Rozier,Dillon,Rozier,True,"6'0""",179,PG,1610612747,Los Angeles Lakers,30,2022
2880,Bogdan Robinson,Bogdan,Robinson,True,"6'10""",232,PF,1610612745,Houston Rockets,27,2015
2881,Spencer Thompson,Spencer,Thompson,True,"5'11""",192,PG,1610612753,Orlando Magic,21,2011
2882,Gordon Grant,Gordon,Grant,True,"6'11""",247,C,1610612739,Cleveland Cavaliers,36,2020
2883,Wendell Collins,Wendell,Collins,True,"6'8""",216,SF,1610612756,Phoenix Suns,33,2013
2884,Evan Bridges,Evan,Bridges,True,"6'11""",254,C,1610612740,New Orleans Pelicans,30,2019
2885,Larry Hayward,Larry,Hayward,True,"6'8""",222,PF/C,1610612757,Portland Trail Blazers,37,2014
2886,Dennis Schröder,Dennis,Schröder,True,"6'4""",193,SG,1610612764,Washington Wizards,25,2023
2887,Patrick Green,Patrick,Green,True,"6'5""",212,SG,1610612741,Chicago Bulls,24,2013
2888,Malcolm Walker,Malcolm,Walker,True,"6'4""",222,SF,1610612744,Golden State Warriors,23,2017
2889,Kyle Harris,Kyle,Harris,True,"6'10""",258,C/SF,1610612755,Philadelphia 76ers,25,2022
2890,Tyler Mitchell,Tyler,Mitchell,True,"6'9""",263,C,1610612763,Memphis Grizzlies,27,2015
2891,Jordan Powell,Jordan,Powell,True,"6'4""",205,SF,1610612746,Los Angeles Clippers,21,2010
2892,Isaiah Young,Isaiah,Young,True,"6'0""",193,PG,1610612755,Philadelphia 76ers,20,2024
2893,Jalen Dinwiddie,Jalen,Dinwiddie,True,"5'11""",184,PG,1610612764,Washington Wizards,20,2015
2894,Brandon Fournier,Brandon,Fournier,True,"6'10""",228,PF,1610612755,Philadelphia 76ers,19,2019
2895,Malik Mills,Malik,Mills,True,"6'2""",199,SG,1610612745,Houston Rockets,19,2023
2896,Marcus Beasley,Marcus,Beasley,True,"6'5""",195,SG,1610612752,New York Knicks,26,2021
2897,Jared Porter,Jared,Porter,True,"7'1""",271,C/SG,1610612751,Brooklyn Nets,31,2020
2898,Terry Jackson,Terry,Jackson,True,"6'2""",201,SG,1610612748,Miami Heat,24,2022
2899,Gary Gordon,Gary,Gordon,True,"6'9""",237,PF/C,1610612759,San Antonio Spurs,23,2023
2900,Aaron Lopez,Aaron,Lopez,True,"6'9""",267,C,1610612750,Minnesota Timberwolves,30,2016
2901,Eric Brooks,Eric,Brooks,True,"6'4""",186,SG,1610612753,Orlando Magic,20,2014
2902,Dillon Carter,Dillon,Carter,True,"6'3""",200,SG/PG,1610612758,Sacramento Kings,32,2017
2903,Bogdan Nance,Bogdan,Nance,True,"6'8""",203,SF/SG,1610612757,Portland Trail Blazers,26,2016
2904,Spencer Brogdon,Spencer,Brogdon,True,"6'6""",212,SF/SG,1610612765,Detroit Pistons,36,2011
2905,Gordon Rozier,Gordon,Rozier,True,"5'11""",191,PG,1610612739,Cleveland Cavaliers,25,2023
2906,Wendell Robinson,Wendell,Robinson,True,"6'4""",205,SF,1610612763,Memphis Grizzlies,25,2018
2907,Evan Thompson,Evan,Thompson,True,"6'2""",200,SG,1610612750,Minnesota Timberwolves,23,2011
2908,Larry Grant,Larry,Grant,True,"6'6""",227,SF,1610612737,Atlanta Hawks,20,2012
2909,Dennis Collins,Dennis,Collins,True,"7'0""",256,C,1610612743,Denver Nuggets,31,2016
2910,Patrick Bridges,Patrick,Bridges,True,"6'9""",268,C,1610612762,Utah Jazz,36,2024
2911,Malcolm Hayward,Malcolm,Hayward,True,"6'10""",285,C,1610612738,Boston Celtics,30,2013
2912,Kyle Schröder,Kyle,Schröder,True,"6'10""",237,PF/PG,1610612738,Boston Celtics,34,2017
2913,Tyler Green,Tyler,Green,True,"6'11""",278,C,1610612742,Dallas Mavericks,28,2017
2914,Jordan Walker,Jordan,Walker,True,"6'2""",179,PG,1610612741,Chicago Bulls,21,2019
2915,Isaiah Harris,Isaiah,Harris,True,"6'2""",187,SG,1610612755,Philadelphia 76ers,31,2016
2916,Jalen Mitchell,Jalen,Mitchell,True,"6'0""",199,PG,1610612738,Boston Celtics,28,2019
2917,Brandon Powell,Brandon,Powell,True,"6'3""",194,SG,1610612738,Boston Celtics,26,2010
2918,Malik Young,Malik,Young,True,"6'10""",268,C,1610612754,Indiana Pacers,37,2021
2919,Marcus Dinwiddie,Marcus,Dinwiddie,True,"6'3""",177,PG/PF,1610612763,Memphis Grizzlies,32,2012
2920,Jared Fournier,Jared,Fournier,True,"6'7""",244,PF,1610612758,Sacramento Kings,34,2022
2921,Terry Mills,Terry,Mills,True,"6'7""",221,PF,1610612755,Philadelphia 76ers,27,2022
2922,Gary Beasley,Gary,Beasley,True,"6'6""",214,SF,1610612746,Los Angeles Clippers,26,2011
2923,Aaron Porter,Aaron,Porter,True,"5'11""",194,PG,1610612749,Milwaukee Bucks,19,2012
2924,Eric Jackson,Eric,Jackson,True,"7'0""",247,C,1610612758,Sacramento Kings,29,2010
2925,Dillon Gordon,Dillon,Gordon,True,"6'1""",189,PG/SG,1610612766,Charlotte Hornets,23,2024
2926,Bogdan Lopez,Bogdan,Lopez,True,"6'2""",193,PG,1610612747,Los Angeles Lakers,26,2019
2927,Spencer Brooks,Spencer,Brooks,True,"6'3""",196,PG,1610612749,Milwaukee Bucks,27,2020
2928,Gordon Carter,Gordon,Carter,True,"6'2""",199,SG/PF,1610612737,Atlanta Hawks,24,2022
2929,Wendell Nance,Wendell,Nance,True,"6'8""",222,SF/PF,1610612755,Philadelphia 76ers,34,2011
2930,Evan Brogdon,Evan,Brogdon,True,"6'0""",180,PG,1610612748,Miami Heat,24,2013
2931,Larry Rozier,Larry,Rozier,True,"6'4""",216,SF,1610612762,Utah Jazz,20,2016
2932,Dennis Robinson,Dennis,Robinson,True,"6'2""",196,PG/SF,1610612748,Miami Heat,20,2018
2933,Patrick Thompson,Patrick,Thompson,True,"6'4""",207,SG,1610612743,Denver Nuggets,20,2020
2934,Malcolm Grant,Malcolm,Grant,True,"6'3""",181,PG,1610612746,Los Angeles Clippers,33,2021
2935,Kyle Collins,Kyle,Collins,True,"6'5""",208,SG,1610612760,Oklahoma City Thunder,20,2013
2936,Tyler Bridges,Tyler,Bridges,True,"6'5""",211,SF,1610612742,Dallas Mavericks,35,2011
2937,Jordan Hayward,Jordan,Hayward,True,"6'3""",194,SG,1610612764,Washington Wizards,26,2022
2938,Isaiah Schröder,Isaiah,Schröder,True,"6'1""",185,PG/PF,1610612759,San Antonio Spurs,23,2015
2939,Jalen Green,Jalen,Green,True,"6'9""",243,PF,1610612766,Charlotte Hornets,29,2024
2940,Brandon Walker,Brandon,Walker,True,"6'7""",243,PF/SF,1610612739,Cleveland Cavaliers,24,2020
2941,Malik Harris,Malik,Harris,True,"6'9""",281,C,1610612742,Dallas Mavericks,30,2010
2942,Marcus Mitchell,Marcus,Mitchell,True,"6'11""",276,C/PG,1610612739,Cleveland Cavaliers,21,2013
2943,Jared Powell,Jared,Powell,True,"6'7""",239,PF/PG,1610612753,Orlando Magic,35,2013
2944,Terry Young,Terry,Young,True,"6'0""",181,PG,1610612752,New York Knicks,24,2011
2945,Gary Dinwiddie,Gary,Dinwiddie,True,"6'3""",190,PG,1610612759,San Antonio Spurs,23,2011
2946,Aaron Fournier,Aaron,Fournier,True,"6'7""",217,SF,1610612760,Oklahoma City Thunder,20,2012
2947,Eric Mills,Eric,Mills,True,"6'10""",251,C/PG,1610612765,Detroit Pistons,26,2019
2948,Dillon Beasley,Dillon,Beasley,True,"6'2""",199,SG,1610612750,Minnesota Timberwolves,35,2013
2949,Bogdan Porter,Bogdan,Porter,True,"6'7""",228,PF,1610612738,Boston Celtics,35,2011
2950,Spencer Jackson,Spencer,Jackson,True,"6'10""",221,PF/C,1610612762,Utah Jazz,37,2020
2951,Gordon Gordon,Gordon,Gordon,True,"5'11""",175,PG/SF,1610612740,New Orleans Pelicans,33,2020
2952,Wendell Lopez,Wendell,Lopez,True,"7'0""",259,C/SG,1610612766,Charlotte Hornets,30,2022
2953,Evan Brooks,Evan,Brooks,True,"6'6""",203,SF/C,1610612739,Cleveland Cavaliers,22,2018
2954,Larry Carter,Larry,Carter,True,"5'11""",181,PG/C,1610612739,Cleveland Cavaliers,34,2020
2955,Dennis Nance,Dennis,Nance,True,"6'6""",223,SF,1610612752,New York Knicks,32,2023
2956,Patrick Brogdon,Patrick,Brogdon,True,"5'11""",184,PG,1610612765,Detroit Pistons,29,2022
2957,Malcolm Rozier,Malcolm,Rozier,True,"6'9""",246,C,1610612753,Orlando Magic,29,2020
2958,Kyle Robinson,Kyle,Robinson,True,"6'9""",237,PF,1610612756,Phoenix Suns,36,2012
2959,Tyler Thompson,Tyler,Thompson,True,"6'5""",229,SF/SG,1610612761,Toronto Raptors,31,2021
2960,Jordan Grant,Jordan,Grant,True,"6'4""",195,SG,1610612757,Portland Trail Blazers,20,2011
2961,Isaiah Collins,Isaiah,Collins,True,"6'10""",246,PF/PG,1610612749,Milwaukee Bucks,29,2024
2962,Jalen Bridges,Jalen,Bridges,True,"6'8""",248,PF,1610612758,Sacramento Kings,19,2018
2963,Brandon Hayward,Brandon,Hayward,True,"6'4""",227,SF,1610612765,Detroit Pistons,35,2024
2964,Malik Schröder,Malik,Schröder,True,"6'5""",185,SG,1610612764,Washington Wizards,37,2015
2965,Marcus Green,Marcus,Green,True,"6'3""",196,PG,1610612755,Philadelphia 76ers,33,2021
2966,Jared Walker,Jared,Walker,True,"7'2""",244,C,1610612743,Denver Nuggets,20,2022
2967,Terry Harris,Terry,Harris,True,"6'2""",196,SG,1610612745,Houston Rockets,32,2024
2968,Gary Mitchell,Gary,Mitchell,True,"6'4""",227,SF,1610612759,San Antonio Spurs,20,2021
2969,Aaron Powell,Aaron,Powell,True,"5'11""",182,PG,1610612737,Atlanta Hawks,34,2017
2970,Eric Young,Eric,Young,True,"6'3""",199,SG,1610612742,Dallas Mavericks,29,2017
2971,Dillon Dinwiddie,Dillon,Dinwiddie,True,"6'2""",202,SG,1610612743,Denver Nuggets,21,2024
2972,Bogdan Fournier,Bogdan,Fournier,True,"6'7""",223,SF,1610612755,Philadelphia 76ers,33,2010
2973,Spencer Mills,Spencer,Mills,True,"6'4""",192,SG,1610612743,Denver Nuggets,26,2013
2974,Gordon Beasley,Gordon,Beasley,True,"6'5""",196,SG,1610612752,New York Knicks,20,2022
2975,Wendell Porter,Wendell,Porter,True,"6'5""",216,SF/PF,1610612764,Washington Wizards,25,2018
2976,Evan Jackson,Evan,Jackson,True,"5'10""",175,PG,1610612743,Denver Nuggets,31,2010
2977,Larry Gordon,Larry,Gordon,True,"6'3""",186,SG,1610612738,Boston Celtics,35,2018
2978,Dennis Lopez,Dennis,Lopez,True,"6'8""",221,PF,1610612745,Houston Rockets,33,2015
2979,Patrick Brooks,Patrick,Brooks,True,"6'2""",193,SG,1610612745,Houston Rockets,29,2023
2980,Malcolm Carter,Malcolm,Carter,True,"6'10""",244,PF,1610612749,Milwaukee Bucks,24,2019
2981,Kyle Nance,Kyle,Nance,True,"7'2""",261,C/SF,1610612746,Los Angeles Clippers,23,2019
2982,Tyler Brogdon,Tyler,Brogdon,True,"6'4""",211,SG,1610612758,Sacramento Kings,37,2012
2983,Jordan Rozier,Jordan,Rozier,True,"6'9""",242,PF,1610612756,Phoenix Suns,27,2013
2984,Isaiah Robinson,Isaiah,Robinson,True,"6'9""",241,C,1610612765,Detroit Pistons,23,2013
2985,Jalen Thompson,Jalen,Thompson,True,"7'0""",289,C,1610612766,Charlotte Hornets,37,2015
2986,Brandon Grant,Brandon,Grant,True,"6'3""",184,PG,1610612762,Utah Jazz,29,2014
2987,Malik Collins,Malik,Collins,True,"6'2""",188,SG,1610612761,Toronto Raptors,30,2016
2988,Marcus Bridges,Marcus,Bridges,True,"6'1""",192,PG/PF,1610612766,Charlotte Hornets,37,2011
2989,Jared Hayward,Jared,Hayward,True,"6'10""",262,C/PG,1610612738,Boston Celtics,24,2014
2990,Terry Schröder,Terry,Schröder,True,"7'2""",278,C,1610612760,Oklahoma City Thunder,20,2012
2991,Gary Green,Gary,Green,True,"6'8""",217,SF/C,1610612764,Washington Wizards,31,2010
2992,Aaron Walker,Aaron,Walker,True,"5'11""",185,PG/SG,1610612742,Dallas Mavericks,23,2022
2993,Eric Harris,Eric,Harris,True,"6'4""",187,SG,1610612766,Charlotte Hornets,28,2016
2994,Dillon Mitchell,Dillon,Mitchell,True,"5'10""",184,PG,1610612766,Charlotte Hornets,24,2014
2995,Bogdan Powell,Bogdan,Powell,True,"6'4""",207,SF/PG,1610612739,Cleveland Cavaliers,25,2021
2996,Spencer Young,Spencer,Young,True,"6'2""",191,PG/SG,1610612751,Brooklyn Nets,24,2016
2997,Gordon Dinwiddie,Gordon,Dinwiddie,True,"6'7""",227,PF,1610612755,Philadelphia 76ers,23,2013
2998,Wendell Fournier,Wendell,Fournier,True,"7'2""",261,C,1610612760,Oklahoma City Thunder,26,2020
2999,Evan Mills,Evan,Mills,True,"6'3""",179,PG,1610612746,Los Angeles Clippers,26,2012
3000,Larry Beasley,Larry,Beasley,True,"5'11""",193,PG,1610612748,Miami Heat,28,2021
3001,Dennis Porter,Dennis,Porter,True,"6'10""",240,PF/PG,1610612742,Dallas Mavericks,37,2018
3002,Patrick Jackson,Patrick,Jackson,True,"7'0""",283,C/PF,1610612761,Toronto Raptors,26,2021
3003,Malcolm Gordon,Malcolm,Gordon,True,"6'2""",191,PG/C,1610612764,Washington Wizards,28,2015
3004,Kyle Lopez,Kyle,Lopez,True,"6'5""",212,SF/SG,1610612758,Sacramento Kings,19,2013
3005,Tyler Brooks,Tyler,Brooks,True,"6'6""",226,SF/PG,1610612742,Dallas Mavericks,29,2018
3006,Jordan Carter,Jordan,Carter,True,"6'2""",179,PG/PF,1610612766,Charlotte Hornets,25,2022
3007,Isaiah Nance,Isaiah,Nance,True,"6'10""",234,PF/C,1610612764,Washington Wizards,25,2016
3008,Jalen Brogdon,Jalen,Brogdon,True,"6'4""",213,SG,1610612749,Milwaukee Bucks,29,2018
3009,Brandon Rozier,Brandon,Rozier,True,"6'7""",219,SF/PF,1610612738,Boston Celtics,32,2015
3010,Malik Robinson,Malik,Robinson,True,"6'7""",246,PF,1610612764,Washington Wizards,33,2011
3011,Marcus Thompson,Marcus,Thompson,True,"6'9""",265,C/PG,1610612764,Washington Wizards,31,2013
3012,Jared Grant,Jared,Grant,True,"6'2""",204,SG/C,1610612739,Cleveland Cavaliers,23,2010
3013,Terry Collins,Terry,Collins,True,"6'5""",227,SF/C,1610612743,Denver Nuggets,31,2013
3014,Gary Bridges,Gary,Bridges,True,"6'3""",201,SG,1610612749,Milwaukee Bucks,19,2019
3015,Aaron Hayward,Aaron,Hayward,True,"6'3""",198,SG,1610612744,Golden State Warriors,34,2019
3016,Eric Schröder,Eric,Schröder,True,"6'10""",223,PF,1610612746,Los Angeles Clippers,33,2019
3017,Dillon Green,Dillon,Green,True,"6'8""",226,PF,1610612756,Phoenix Suns,20,2017
3018,Bogdan Walker,Bogdan,Walker,True,"6'5""",187,SG,1610612761,Toronto Raptors,35,2010
3019,Spencer Harris,Spencer,Harris,True,"6'8""",226,PF/C,1610612738,Boston Celtics,36,2019
3020,Gordon Mitchell,Gordon,Mitchell,True,"6'6""",225,SF,1610612755,Philadelphia 76ers,30,2018
3021,Wendell Powell,Wendell,Powell,True,"6'11""",264,C/SG,1610612738,Boston Celtics,27,2013
3022,Evan Young,Evan,Young,True,"6'4""",218,SF,1610612740,New Orleans Pelicans,34,2012
3023,Larry Dinwiddie,Larry,Dinwiddie,True,"7'0""",245,C/SF,1610612743,Denver Nuggets,21,2011
3024,Dennis Fournier,Dennis,Fournier,True,"5'11""",191,PG/C,1610612748,Miami Heat,21,2023
3025,Patrick Mills,Patrick,Mills,True,"6'4""",206,SF/PF,1610612759,San Antonio Spurs,30,2019
3026,Malcolm Beasley,Malcolm,Beasley,True,"6'7""",213,SF,1610612738,Boston Celtics,27,2019
3027,Kyle Porter,Kyle,Porter,True,"6'7""",228,SF/PG,1610612765,Detroit Pistons,34,2013
3028,Tyler Jackson,Tyler,Jackson,True,"5'10""",179,PG,1610612746,Los Angeles Clippers,25,2023
3029,Jordan Gordon,Jordan,Gordon,True,"5'11""",179,PG,1610612738,Boston Celtics,25,2021
3030,Isaiah Lopez,Isaiah,Lopez,True,"5'11""",193,PG/SF,1610612760,Oklahoma City Thunder,23,2023
3031,Jalen Brooks,Jalen,Brooks,True,"6'4""",223,SF,1610612762,Utah Jazz,32,2017
3032,Brandon Carter,Brandon,Carter,True,"6'3""",198,SG/C,1610612741,Chicago Bulls,26,2010
3033,Malik Nance,Malik,Nance,True,"6'8""",222,PF,1610612747,Los Angeles Lakers,27,2016
3034,Marcus Brogdon,Marcus,Brogdon,True,"6'8""",229,PF/C,1610612750,Minnesota Timberwolves,20,2015
3035,Jared Rozier,Jared,Rozier,True,"6'2""",190,SG,1610612763,Memphis Grizzlies,36,2014
3036,Terry Robinson,Terry,Robinson,True,"6'6""",202,SF/PF,1610612766,Charlotte Hornets,30,2021
3037,Gary Thompson,Gary,Thompson,True,"7'1""",254,C,1610612747,Los Angeles Lakers,24,2012
3038,Aaron Grant,Aaron,Grant,True,"6'5""",213,SG/SF,1610612758,Sacramento Kings,30,2021
3039,Eric Collins,Eric,Collins,True,"6'11""",241,C,1610612751,Brooklyn Nets,29,2019
3040,Dillon Bridges,Dillon,Bridges,True,"6'1""",177,PG,1610612760,Oklahoma City Thunder,36,2012
3041,Bogdan Hayward,Bogdan,Hayward,True,"6'6""",224,SF/SG,1610612748,Miami Heat,27,2024
3042,Spencer Schröder,Spencer,Schröder,True,"7'0""",253,C,1610612758,Sacramento Kings,28,2024
3043,Gordon Green,Gordon,Green,True,"6'11""",251,C/PF,1610612744,Golden State Warriors,26,2010
3044,Wendell Walker,Wendell,Walker,True,"6'5""",225,SF,1610612755,Philadelphia 76ers,24,2022
3045,Evan Harris,Evan,Harris,True,"6'2""",193,PG,1610612756,Phoenix Suns,29,2012
3046,Larry Mitchell,Larry,Mitchell,True,"6'8""",249,PF,1610612755,Philadelphia 76ers,19,2015
3047,Dennis Powell,Dennis,Powell,True,"5'11""",184,PG,1610612755,Philadelphia 76ers,30,2014
3048,Patrick Young,Patrick,Young,True,"6'8""",212,SF/C,1610612758,Sacramento Kings,34,2018
3049,Malcolm Dinwiddie,Malcolm,Dinwiddie,True,"6'5""",197,SG,1610612743,Denver Nuggets,31,2017
3050,Kyle Fournier,Kyle,Fournier,True,"6'7""",210,SF/C,1610612765,Detroit Pistons,34,2024
3051,Tyler Mills,Tyler,Mills,True,"6'5""",192,SG,1610612747,Los Angeles Lakers,29,2018
3052,Jordan Beasley,Jordan,Beasley,True,"6'3""",189,SG/SF,1610612761,Toronto Raptors,29,2020
3053,Isaiah Porter,Isaiah,Porter,True,"7'0""",260,C,1610612746,Los Angeles Clippers,25,2013
3054,Jalen Jackson,Jalen,Jackson,True,"5'10""",199,PG,1610612745,Houston Rockets,23,2012
3055,Brandon Gordon,Brandon,Gordon,True,"6'2""",195,SG,1610612748,Miami Heat,21,2022
3056,Malik Lopez,Malik,Lopez,True,"6'10""",221,PF,1610612761,Toronto Raptors,26,2015
3057,Marcus Brooks,Marcus,Brooks,True,"6'8""",220,PF,1610612743,Denver Nuggets,23,2018
3058,Jared Carter,Jared,Carter,True,"6'10""",278,C/PF,1610612755,Philadelphia 76ers,29,2012
3059,Terry Nance,Terry,Nance,True,"6'2""",213,SG/C,1610612748,Miami Heat,22,2012
3060,Gary Brogdon,Gary,Brogdon,True,"6'10""",227,PF/C,1610612761,Toronto Raptors,21,2010
3061,Aaron Rozier,Aaron,Rozier,True,"6'6""",223,SF/C,1610612746,Los Angeles Clippers,23,2015
3062,Eric Robinson,Eric,Robinson,True,"6'3""",175,PG,1610612755,Philadelphia 76ers,34,2022
3063,Dillon Thompson,Dillon,Thompson,True,"6'9""",221,PF,1610612754,Indiana Pacers,23,2023
3064,Bogdan Grant,Bogdan,Grant,True,"6'3""",197,PG,1610612766,Charlotte Hornets,20,2020
3065,Spencer Collins,Spencer,Collins,True,"6'7""",213,SF/PF,1610612745,Houston Rockets,20,2023
3066,Gordon Bridges,Gordon,Bridges,True,"6'5""",206,SF/SG,1610612755,Philadelphia 76ers,37,2011
3067,Wendell Hayward,Wendell,Hayward,True,"6'7""",227,PF/SF,1610612746,Los Angeles Clippers,28,2016
3068,Evan Schröder,Evan,Schröder,True,"6'7""",227,SF,1610612752,New York Knicks,26,2012
3069,Larry Green,Larry,Green,True,"6'7""",239,PF/SG,1610612741,Chicago Bulls,28,2019
3070,Dennis Walker,Dennis,Walker,True,"6'7""",222,SF/PG,1610612739,Cleveland Cavaliers,37,2014
3071,Patrick Harris,Patrick,Harris,True,"6'9""",243,C,1610612744,Golden State Warriors,27,2017
3072,Malcolm Mitchell,Malcolm,Mitchell,True,"6'7""",241,PF,1610612743,Denver Nuggets,25,2021
3073,Kyle Powell,Kyle,Powell,True,"6'2""",206,SG/PF,1610612751,Brooklyn Nets,34,2015
3074,Tyler Young,Tyler,Young,True,"6'3""",206,SG/C,1610612752,New York Knicks,31,2021
3075,Jordan Dinwiddie,Jordan,Dinwiddie,True,"6'11""",251,C/PF,1610612743,Denver Nuggets,37,2010
3076,Isaiah Fournier,Isaiah,Fournier,True,"6'1""",188,PG,1610612746,Los Angeles Clippers,27,2011
3077,Jalen Mills,Jalen,Mills,True,"6'3""",194,PG,1610612745,Houston Rockets,26,2017
3078,Brandon Beasley,Brandon,Beasley,True,"6'3""",198,SG,1610612746,Los Angeles Clippers,19,2015
3079,Malik Porter,Malik,Porter,True,"6'2""",175,PG/C,1610612755,Philadelphia 76ers,25,2010
3080,Marcus Jackson,Marcus,Jackson,True,"5'10""",183,PG,1610612760,Oklahoma City Thunder,27,2010
3081,Jared Gordon,Jared,Gordon,True,"6'10""",233,PF,1610612755,Philadelphia 76ers,28,2024
3082,Terry Lopez,Terry,Lopez,True,"6'3""",178,PG,1610612758,Sacramento Kings,32,2019
3083,Gary Brooks,Gary,Brooks,True,"6'2""",189,SG,1610612738,Boston Celtics,33,2010
3084,Aaron Carter,Aaron,Carter,True,"6'8""",238,PF,1610612742,Dallas Mavericks,25,2024
3085,Eric Nance,Eric,Nance,True,"6'5""",190,SG/C,1610612758,Sacramento Kings,30,2016
3086,Dillon Brogdon,Dillon,Brogdon,True,"6'5""",189,SG,1610612744,Golden State Warriors,23,2012
3087,Bogdan Rozier,Bogdan,Rozier,True,"6'2""",195,SG,1610612752,New York Knicks,25,2021
3088,Spencer Robinson,Spencer,Robinson,True,"6'4""",195,SG,1610612748,Miami Heat,37,2014
3089,Gordon Thompson,Gordon,Thompson,True,"6'3""",192,SG,1610612759,San Antonio Spurs,22,2021
3090,Wendell Grant,Wendell,Grant,True,"6'2""",184,PG,1610612756,Phoenix Suns,36,2015
3091,Evan Collins,Evan,Collins,True,"5'10""",191,PG,1610612761,Toronto Raptors,32,2020
3092,Larry Bridges,Larry,Bridges,True,"6'5""",210,SF/PF,1610612760,Oklahoma City Thunder,28,2019
3093,Dennis Hayward,Dennis,Hayward,True,"6'9""",222,PF,1610612760,Oklahoma City Thunder,19,2023
3094,Patrick Schröder,Patrick,Schröder,True,"6'1""",176,PG/SG,1610612748,Miami Heat,25,2016
3095,Malcolm Green,Malcolm,Green,True,"6'5""",212,SF,1610612739,Cleveland Cavaliers,21,2012
3096,Kyle Walker,Kyle,Walker,True,"6'8""",231,PF/C,1610612744,Golden State Warriors,22,2015
3097,Tyler Harris,Tyler,Harris,True,"6'9""",231,PF,1610612753,Orlando Magic,34,2023
3098,Jordan Mitchell,Jordan,Mitchell,True,"5'10""",192,PG,1610612747,Los Angeles Lakers,22,2011
3099,Isaiah Powell,Isaiah,Powell,True,"6'7""",231,PF,1610612758,Sacramento Kings,26,2021
3100,Jalen Young,Jalen,Young,True,"7'1""",252,C/SF,1610612753,Orlando Magic,19,2019
3101,Brandon Dinwiddie,Brandon,Dinwiddie,True,"7'0""",256,C,1610612753,Orlando Magic,27,2017
3102,Malik Fournier,Malik,Fournier,True,"6'5""",185,SG/PF,1610612739,Cleveland Cavaliers,19,2010
3103,Marcus Mills,Marcus,Mills,True,"6'1""",181,PG,1610612765,Detroit Pistons,23,2010
3104,Jared Beasley,Jared,Beasley,True,"6'1""",175,PG/SF,1610612761,Toronto Raptors,30,2014
3105,Terry Porter,Terry,Porter,True,"6'8""",248,PF,1610612747,Los Angeles Lakers,22,2017
3106,Gary Jackson,Gary,Jackson,True,"6'10""",246,C,1610612759,San Antonio Spurs,34,2017
3107,Aaron Gordon,Aaron,Gordon,True,"6'4""",221,SF,1610612754,Indiana Pacers,29,2014
3108,Eric Lopez,Eric,Lopez,True,"6'11""",247,C,1610612749,Milwaukee Bucks,35,2013
3109,Dillon Brooks,Dillon,Brooks,True,"6'10""",272,C/PG,1610612740,New Orleans Pelicans,25,2023
3110,Bogdan Carter,Bogdan,Carter,True,"6'10""",225,PF,1610612760,Oklahoma City Thunder,26,2021
3111,Spencer Nance,Spencer,Nance,True,"6'4""",190,SG,1610612751,Brooklyn Nets,35,2018
3112,Gordon Brogdon,Gordon,Brogdon,True,"6'3""",200,SG,1610612743,Denver Nuggets,32,2019
3113,Wendell Rozier,Wendell,Rozier,True,"6'7""",235,PF/SF,1610612761,Toronto Raptors,32,2010
3114,Evan Robinson,Evan,Robinson,True,"6'0""",186,PG,1610612763,Memphis Grizzlies,21,2010
3115,Larry Thompson,Larry,Thompson,True,"6'4""",211,SG,1610612766,Charlotte Hornets,19,2017
3116,Dennis Grant,Dennis,Grant,True,"6'11""",260,C/SG,1610612765,Detroit Pistons,33,2012
3117,Patrick Collins,Patrick,Collins,True,"5'10""",188,PG/C,1610612741,Chicago Bulls,27,2023
3118,Malcolm Bridges,Malcolm,Bridges,True,"6'7""",248,PF,1610612749,Milwaukee Bucks,22,2016
3119,Kyle Hayward,Kyle,Hayward,True,"6'2""",197,PG/C,1610612758,Sacramento Kings,24,2019
3120,Tyler Schröder,Tyler,Schröder,True,"6'10""",249,PF,1610612765,Detroit Pistons,31,2013
3121,Jordan Green,Jordan,Green,True,"6'9""",224,PF,1610612737,Atlanta Hawks,33,2018
3122,Isaiah Walker,Isaiah,Walker,True,"6'2""",204,SG,1610612762,Utah Jazz,25,2024
3123,Jalen Harris,Jalen,Harris,True,"6'6""",216,SF,1610612741,Chicago Bulls,28,2019
3124,Brandon Mitchell,Brandon,Mitchell,True,"6'8""",222,SF,1610612762,Utah Jazz,27,2013
3125,Malik Powell,Malik,Powell,True,"7'0""",242,C,1610612766,Charlotte Hornets,36,2024
3126,Marcus Young,Marcus,Young,True,"6'8""",241,PF,1610612748,Miami Heat,25,2018
3127,Jared Dinwiddie,Jared,Dinwiddie,True,"6'5""",210,SG,1610612737,Atlanta Hawks,35,2020
3128,Terry Fournier,Terry,Fournier,True,"6'3""",189,PG/SG,1610612748,Miami Heat,25,2022
3129,Gary Mills,Gary,Mills,True,"6'0""",186,PG,1610612738,Boston Celtics,29,2023
3130,Aaron Beasley,Aaron,Beasley,True,"6'7""",204,SF,1610612744,Golden State Warriors,25,2022
3131,Eric Porter,Eric,Porter,True,"6'9""",270,C,1610612760,Oklahoma City Thunder,20,2024
3132,Dillon Jackson,Dillon,Jackson,True,"7'2""",272,C,1610612755,Philadelphia 76ers,20,2011
3133,Bogdan Gordon,Bogdan,Gordon,True,"6'8""",229,SF/PG,1610612740,New Orleans Pelicans,33,2013
3134,Spencer Lopez,Spencer,Lopez,True,"6'3""",180,PG,1610612754,Indiana Pacers,27,2023
3135,Gordon Brooks,Gordon,Brooks,True,"6'6""",214,SF,1610612764,Washington Wizards,27,2023
3136,Wendell Carter,Wendell,Carter,True,"6'8""",244,PF,1610612763,Memphis Grizzlies,33,2015
3137,Evan Nance,Evan,Nance,True,"6'2""",188,SG/PG,1610612744,Golden State Warriors,20,2015
3138,Larry Brogdon,Larry,Brogdon,True,"7'1""",254,C,1610612760,Oklahoma City Thunder,23,2012
3139,Dennis Rozier,Dennis,Rozier,True,"7'1""",258,C,1610612766,Charlotte Hornets,28,2024
3140,Patrick Robinson,Patrick,Robinson,True,"6'9""",220,PF,1610612740,New Orleans Pelicans,37,2018
3141,Malcolm Thompson,Malcolm,Thompson,True,"6'7""",249,PF,1610612746,Los Angeles Clippers,28,2021
3142,Kyle Grant,Kyle,Grant,True,"6'8""",212,SF/C,1610612752,New York Knicks,31,2023
3143,Tyler Collins,Tyler,Collins,True,"7'1""",258,C,1610612745,Houston Rockets,32,2019
3144,Jordan Bridges,Jordan,Bridges,True,"6'7""",220,PF,1610612765,Detroit Pistons,25,2010
3145,Isaiah Hayward,Isaiah,Hayward,True,"5'10""",180,PG,1610612742,Dallas Mavericks,30,2024
3146,Jalen Schröder,Jalen,Schröder,True,"6'2""",196,SG,1610612745,Houston Rockets,26,2017
3147,Brandon Green,Brandon,Green,True,"6'8""",224,PF,1610612741,Chicago Bulls,29,2023
3148,Malik Walker,Malik,Walker,True,"6'5""",212,SG,1610612748,Miami Heat,23,2020
3149,Marcus Harris,Marcus,Harris,True,"6'8""",222,PF/PG,1610612757,Portland Trail Blazers,32,2010
3150,Jared Mitchell,Jared,Mitchell,True,"6'8""",208,SF,1610612745,Houston Rockets,21,2023
3151,Terry Powell,Terry,Powell,True,"6'7""",213,SF/C,1610612754,Indiana Pacers,26,2012
3152,Gary Young,Gary,Young,True,"6'2""",198,SG,1610612743,Denver Nuggets,33,2021
3153,Aaron Dinwiddie,Aaron,Dinwiddie,True,"6'5""",208,SF/PF,1610612748,Miami Heat,34,2019
3154,Eric Fournier,Eric,Fournier,True,"6'5""",189,SG,1610612738,Boston Celtics,27,2021
3155,Dillon Mills,Dillon,Mills,True,"5'10""",186,PG,1610612764,Washington Wizards,32,2011
3156,Bogdan Beasley,Bogdan,Beasley,True,"6'11""",279,C,1610612758,Sacramento Kings,33,2022
3157,Spencer Porter,Spencer,Porter,True,"6'8""",212,SF,1610612756,Phoenix Suns,29,2010
3158,Gordon Jackson,Gordon,Jackson,True,"7'0""",255,C/PG,1610612761,Toronto Raptors,30,2013
3159,Wendell Gordon,Wendell,Gordon,True,"6'2""",186,SG/SF,1610612763,Memphis Grizzlies,29,2012
3160,Evan Lopez,Evan,Lopez,True,"6'10""",274,C,1610612737,Atlanta Hawks,31,2012
3161,Larry Brooks,Larry,Brooks,True,"6'3""",203,SG,1610612765,Detroit Pistons,31,2014
3162,Dennis Carter,Dennis,Carter,True,"7'0""",274,C,1610612741,Chicago Bulls,34,2024
3163,Patrick Nance,Patrick,Nance,True,"6'9""",233,PF,1610612747,Los Angeles Lakers,25,2012
3164,Malcolm Brogdon,Malcolm,Brogdon,True,"6'7""",227,SF/SG,1610612756,Phoenix Suns,29,2021
3165,Kyle Rozier,Kyle,Rozier,True,"7'0""",256,C/SF,1610612747,Los Angeles Lakers,26,2022
3166,Tyler Robinson,Tyler,Robinson,True,"6'11""",270,C/SF,1610612749,Milwaukee Bucks,29,2019
3167,Jordan Thompson,Jordan,Thompson,True,"6'3""",191,SG,1610612762,Utah Jazz,32,2023
3168,Isaiah Grant,Isaiah,Grant,True,"6'4""",194,SG,1610612756,Phoenix Suns,33,2023
3169,Jalen Collins,Jalen,Collins,True,"6'2""",200,SG,1610612738,Boston Celtics,23,2013
3170,Brandon Bridges,Brandon,Bridges,True,"6'8""",237,PF,1610612756,Phoenix Suns,20,2024
3171,Malik Hayward,Malik,Hayward,True,"6'9""",223,PF,1610612738,Boston Celtics,36,2021
3172,Marcus Schröder,Marcus,Schröder,True,"6'10""",245,C,1610612748,Miami Heat,33,2013
3173,Jared Green,Jared,Green,True,"6'7""",234,PF,1610612737,Atlanta Hawks,29,2020
3174,Terry Walker,Terry,Walker,True,"6'2""",177,PG/PF,1610612764,Washington Wizards,28,2016
3175,Gary Harris,Gary,Harris,True,"5'11""",189,PG,1610612741,Chicago Bulls,37,2017
3176,Aaron Mitchell,Aaron,Mitchell,True,"6'9""",225,PF,1610612763,Memphis Grizzlies,27,2020
3177,Eric Powell,Eric,Powell,True,"6'3""",212,SG/C,1610612751,Brooklyn Nets,31,2022
3178,Dillon Young,Dillon,Young,True,"6'3""",187,PG,1610612745,Houston Rockets,30,2015
3179,Bogdan Dinwiddie,Bogdan,Dinwiddie,True,"6'8""",216,SF,1610612751,Brooklyn Nets,26,2015
3180,Spencer Fournier,Spencer,Fournier,True,"6'3""",195,PG/C,1610612750,Minnesota Timberwolves,33,2018
3181,Gordon Mills,Gordon,Mills,True,"6'4""",201,SG/PF,1610612766,Charlotte Hornets,37,2010
3182,Wendell Beasley,Wendell,Beasley,True,"6'10""",226,PF/SG,1610612755,Philadelphia 76ers,29,2012
3183,Evan Porter,Evan,Porter,True,"6'6""",214,SF,1610612751,Brooklyn Nets,34,2022
3184,Larry Jackson,Larry,Jackson,True,"6'7""",241,PF,1610612755,Philadelphia 76ers,31,2016
3185,Dennis Gordon,Dennis,Gordon,True,"7'2""",252,C,1610612761,Toronto Raptors,37,2021
3186,Patrick Lopez,Patrick,Lopez,True,"7'0""",285,C/SG,1610612750,Minnesota Timberwolves,28,2019
3187,Malcolm Brooks,Malcolm,Brooks,True,"6'10""",249,PF/C,1610612751,Brooklyn Nets,19,2016
3188,Kyle Carter,Kyle,Carter,True,"6'2""",204,SG,1610612752,New York Knicks,23,2010
3189,Tyler Nance,Tyler,Nance,True,"6'5""",194,SG,1610612753,Orlando Magic,30,2016
3190,Jordan Brogdon,Jordan,Brogdon,True,"5'10""",180,PG,1610612754,Indiana Pacers,29,2023
3191,Isaiah Rozier,Isaiah,Rozier,True,"6'4""",203,SG/PG,1610612749,Milwaukee Bucks,35,2019
3192,Jalen Robinson,Jalen,Robinson,True,"6'3""",177,PG/SG,1610612745,Houston Rockets,24,2015
3193,Brandon Thompson,Brandon,Thompson,True,"6'10""",222,PF/SG,1610612763,Memphis Grizzlies,27,2022
3194,Malik Grant,Malik,Grant,True,"7'2""",264,C/SG,1610612751,Brooklyn Nets,27,2018
3195,Marcus Collins,Marcus,Collins,True,"6'2""",193,SG,1610612757,Portland Trail Blazers,23,2012
3196,Jared Bridges,Jared,Bridges,True,"6'9""",222,PF,1610612754,Indiana Pacers,32,2022
3197,Terry Hayward,Terry,Hayward,True,"6'7""",242,PF,1610612762,Utah Jazz,19,2021
3198,Gary Schröder,Gary,Schröder,True,"6'2""",195,SG,1610612757,Portland Trail Blazers,36,2013
3199,Aaron Green,Aaron,Green,True,"6'5""",208,SG,1610612746,Los Angeles Clippers,32,2022
3200,Eric Walker,Eric,Walker,True,"6'7""",242,PF,1610612737,Atlanta Hawks,36,2019
3201,Dillon Harris,Dillon,Harris,True,"6'3""",184,PG,1610612761,Toronto Raptors,22,2010
3202,Bogdan Mitchell,Bogdan,Mitchell,True,"6'9""",223,PF,1610612753,Orlando Magic,32,2015
3203,Spencer Powell,Spencer,Powell,True,"6'3""",182,PG,1610612758,Sacramento Kings,32,2010
3204,Gordon Young,Gordon,Young,True,"6'7""",236,PF/SG,1610612744,Golden State Warriors,29,2014
3205,Wendell Dinwiddie,Wendell,Dinwiddie,True,"6'7""",228,SF,1610612746,Los Angeles Clippers,28,2021
3206,Evan Fournier,Evan,Fournier,True,"6'2""",195,SG/PG,1610612762,Utah Jazz,30,2016
3207,Larry Mills,Larry,Mills,True,"6'7""",247,PF,1610612744,Golden State Warriors,28,2014
3208,Dennis Beasley,Dennis,Beasley,True,"6'9""",245,PF/SF,1610612747,Los Angeles Lakers,19,2012
3209,Patrick Porter,Patrick,Porter,True,"7'2""",277,C,1610612758,Sacramento Kings,19,2011
3210,Malcolm Jackson,Malcolm,Jackson,True,"7'1""",241,C,1610612743,Denver Nuggets,35,2012
3211,Kyle Gordon,Kyle,Gordon,True,"6'8""",230,PF,1610612749,Milwaukee Bucks,36,2012
3212,Tyler Lopez,Tyler,Lopez,True,"6'3""",191,SG/PF,1610612756,Phoenix Suns,25,2022
3213,Jordan Brooks,Jordan,Brooks,True,"6'2""",179,PG,1610612747,Los Angeles Lakers,22,2015
3214,Isaiah Carter,Isaiah,Carter,True,"6'8""",216,SF,1610612749,Milwaukee Bucks,30,2011
3215,Jalen Nance,Jalen,Nance,True,"7'2""",277,C,1610612743,Denver Nuggets,33,2019
3216,Brandon Brogdon,Brandon,Brogdon,True,"7'2""",277,C/PF,1610612753,Orlando Magic,23,2024
3217,Malik Rozier,Malik,Rozier,True,"7'2""",255,C,1610612756,Phoenix Suns,35,2013
3218,Marcus Robinson,Marcus,Robinson,True,"6'8""",221,SF/SG,1610612740,New Orleans Pelicans,29,2022
3219,Jared Thompson,Jared,Thompson,True,"6'10""",268,C,1610612741,Chicago Bulls,36,2015
3220,Terry Grant,Terry,Grant,True,"6'8""",225,SF,1610612751,Brooklyn Nets,32,2012
3221,Gary Collins,Gary,Collins,True,"6'4""",201,SG,1610612759,San Antonio Spurs,33,2018
3222,Aaron Bridges,Aaron,Bridges,True,"6'10""",233,PF,1610612751,Brooklyn Nets,22,2024
3223,Eric Hayward,Eric,Hayward,True,"6'2""",184,PG,1610612752,New York Knicks,27,2021
3224,Dillon Schröder,Dillon,Schröder,True,"6'11""",280,C/SG,1610612743,Denver Nuggets,34,2018
3225,Bogdan Green,Bogdan,Green,True,"6'11""",273,C,1610612755,Philadelphia 76ers,33,2017
3226,Spencer Walker,Spencer,Walker,True,"5'11""",192,PG,1610612758,Sacramento Kings,27,2023
3227,Gordon Harris,Gordon,Harris,True,"6'10""",242,C,1610612762,Utah Jazz,30,2021
3228,Wendell Mitchell,Wendell,Mitchell,True,"6'8""",221,SF,1610612756,Phoenix Suns,36,2016
3229,Evan Powell,Evan,Powell,True,"6'4""",213,SF/PF,1610612749,Milwaukee Bucks,33,2016
3230,Larry Young,Larry,Young,True,"5'10""",197,PG/SG,1610612758,Sacramento Kings,27,2015
3231,Dennis Dinwiddie,Dennis,Dinwiddie,True,"6'4""",208,SG,1610612761,Toronto Raptors,24,2011
3232,Patrick Fournier,Patrick,Fournier,True,"7'0""",287,C,1610612747,Los Angeles Lakers,32,2016
3233,Malcolm Mills,Malcolm,Mills,True,"6'5""",191,SG/PF,1610612744,Golden State Warriors,36,2016
3234,Kyle Beasley,Kyle,Beasley,True,"7'1""",276,C,1610612737,Atlanta Hawks,30,2021
3235,Tyler Porter,Tyler,Porter,True,"6'1""",192,PG,1610612748,Miami Heat,29,2011
3236,Jordan Jackson,Jordan,Jackson,True,"6'4""",220,SF,1610612760,Oklahoma City Thunder,32,2016
3237,Isaiah Gordon,Isaiah,Gordon,True,"6'9""",283,C,1610612750,Minnesota Timberwolves,31,2014
3238,Jalen Lopez,Jalen,Lopez,True,"6'3""",210,SG,1610612746,Los Angeles Clippers,31,2019
3239,Brandon Brooks,Brandon,Brooks,True,"6'0""",194,PG/SG,1610612761,Toronto Raptors,34,2016
3240,Malik Carter,Malik,Carter,True,"6'7""",236,PF,1610612754,Indiana Pacers,31,2024
3241,Marcus Nance,Marcus,Nance,True,"6'11""",260,C/SG,1610612744,Golden State Warriors,33,2022
3242,Jared Brogdon,Jared,Brogdon,True,"6'6""",204,SF,1610612759,San Antonio Spurs,37,2024
3243,Terry Rozier,Terry,Rozier,True,"6'7""",220,SF,1610612740,New Orleans Pelicans,21,2023
3244,Gary Robinson,Gary,Robinson,True,"6'9""",274,C,1610612751,Brooklyn Nets,36,2021
3245,Aaron Thompson,Aaron,Thompson,True,"6'9""",222,PF,1610612763,Memphis Grizzlies,25,2021
3246,Eric Grant,Eric,Grant,True,"6'7""",241,PF,1610612741,Chicago Bulls,24,2020
3247,Dillon Collins,Dillon,Collins,True,"6'4""",188,SG,1610612745,Houston Rockets,33,2012
3248,Bogdan Bridges,Bogdan,Bridges,True,"7'2""",273,C,1610612743,Denver Nuggets,24,2015
3249,Spencer Hayward,Spencer,Hayward,True,"6'2""",208,SG,1610612761,Toronto Raptors,35,2020
3250,Gordon Schröder,Gordon,Schröder,True,"5'11""",189,PG,1610612763,Memphis Grizzlies,25,2017
3251,Wendell Green,Wendell,Green,True,"7'2""",253,C/SF,1610612748,Miami Heat,35,2017
3252,Evan Walker,Evan,Walker,True,"7'1""",248,C/PF,1610612763,Memphis Grizzlies,30,2021
3253,Larry Harris,Larry,Harris,True,"6'10""",242,C,1610612745,Houston Rockets,37,2014
3254,Dennis Mitchell,Dennis,Mitchell,True,"6'3""",211,SG,1610612747,Los Angeles Lakers,26,2019
3255,Patrick Powell,Patrick,Powell,True,"7'0""",244,C,1610612739,Cleveland Cavaliers,28,2011
3256,Malcolm Young,Malcolm,Young,True,"6'1""",193,PG,1610612757,Portland Trail Blazers,25,2020
3257,Kyle Dinwiddie,Kyle,Dinwiddie,True,"6'8""",220,SF/C,1610612759,San Antonio Spurs,26,2015
3258,Tyler Fournier,Tyler,Fournier,True,"6'4""",190,SG,1610612749,Milwaukee Bucks,26,2010
3259,Jordan Mills,Jordan,Mills,True,"5'11""",184,PG,1610612750,Minnesota Timberwolves,20,2013
3260,Isaiah Beasley,Isaiah,Beasley,True,"6'11""",254,C/PG,1610612760,Oklahoma City Thunder,33,2015
3261,Jalen Porter,Jalen,Porter,True,"6'4""",220,SF,1610612749,Milwaukee Bucks,20,2012
3262,Brandon Jackson,Brandon,Jackson,True,"6'2""",208,SG/SF,1610612747,Los Angeles Lakers,19,2015
3263,Malik Gordon,Malik,Gordon,True,"6'5""",185,SG/PG,1610612747,Los Angeles Lakers,33,2016
3264,Marcus Lopez,Marcus,Lopez,True,"6'8""",249,PF,1610612753,Orlando Magic,36,2013
3265,Jared Brooks,Jared,Brooks,True,"6'11""",283,C/SG,1610612758,Sacramento Kings,23,2011
3266,Terry Carter,Terry,Carter,True,"6'2""",209,SG/PF,1610612750,Minnesota Timberwolves,28,2021
3267,Gary Nance,Gary,Nance,True,"6'8""",225,PF,1610612746,Los Angeles Clippers,19,2021
3268,Aaron Brogdon,Aaron,Brogdon,True,"6'7""",211,SF/SG,1610612755,Philadelphia 76ers,26,2018
3269,Eric Rozier,Eric,Rozier,True,"7'0""",242,C,1610612761,Toronto Raptors,34,2018
3270,Dillon Robinson,Dillon,Robinson,True,"6'9""",225,PF,1610612748,Miami Heat,28,2018
3271,Bogdan Thompson,Bogdan,Thompson,True,"6'8""",242,PF/PG,1610612759,San Antonio Spurs,28,2023
3272,Spencer Grant,Spencer,Grant,True,"6'9""",281,C,1610612746,Los Angeles Clippers,36,2015
3273,Gordon Collins,Gordon,Collins,True,"6'0""",175,PG,1610612756,Phoenix Suns,21,2010
3274,Wendell Bridges,Wendell,Bridges,True,"6'9""",251,C,1610612764,Washington Wizards,35,2012
3275,Evan Hayward,Evan,Hayward,True,"7'1""",249,C,1610612748,Miami Heat,25,2010
3276,Larry Schröder,Larry,Schröder,True,"7'0""",241,C,1610612748,Miami Heat,20,2023
3277,Dennis Green,Dennis,Green,True,"6'2""",188,SG,1610612738,Boston Celtics,22,2017
3278,Patrick Walker,Patrick,Walker,True,"6'10""",222,PF,1610612740,New Orleans Pelicans,19,2016
3279,Malcolm Harris,Malcolm,Harris,True,"6'10""",255,C/PG,1610612759,San Antonio Spurs,22,2024
3280,Kyle Mitchell,Kyle,Mitchell,True,"6'9""",254,C,1610612766,Charlotte Hornets,34,2011
3281,Tyler Powell,Tyler,Powell,True,"6'7""",224,PF,1610612747,Los Angeles Lakers,27,2018
3282,Jordan Young,Jordan,Young,True,"6'2""",193,PG,1610612752,New York Knicks,31,2020
3283,Isaiah Dinwiddie,Isaiah,Dinwiddie,True,"5'11""",190,PG,1610612744,Golden State Warriors,32,2012
3284,Jalen Fournier,Jalen,Fournier,True,"6'11""",280,C/PG,1610612746,Los Angeles Clippers,27,2012
3285,Brandon Mills,Brandon,Mills,True,"6'9""",261,C,1610612759,San Antonio Spurs,19,2010
3286,Malik Beasley,Malik,Beasley,True,"6'5""",211,SG,1610612762,Utah Jazz,19,2023
3287,Marcus Porter,Marcus,Porter,True,"6'1""",190,PG/C,1610612740,New Orleans Pelicans,27,2018
3288,Jared Jackson,Jared,Jackson,True,"6'7""",225,PF,1610612762,Utah Jazz,31,2020
3289,Terry Gordon,Terry,Gordon,True,"6'3""",187,SG/PG,1610612743,Denver Nuggets,22,2022
3290,Gary Lopez,Gary,Lopez,True,"5'10""",180,PG,1610612755,Philadelphia 76ers,36,2021
3291,Aaron Brooks,Aaron,Brooks,True,"6'2""",192,SG/SF,1610612756,Phoenix Suns,35,2021
3292,Eric Carter,Eric,Carter,True,"6'10""",228,PF,1610612742,Dallas Mavericks,31,2013
3293,Dillon Nance,Dillon,Nance,True,"7'2""",266,C,1610612764,Washington Wizards,21,2014
3294,Bogdan Brogdon,Bogdan,Brogdon,True,"6'4""",195,SG/SF,1610612766,Charlotte Hornets,27,2023
3295,Spencer Rozier,Spencer,Rozier,True,"6'9""",246,PF,1610612737,Atlanta Hawks,36,2014
3296,Gordon Robinson,Gordon,Robinson,True,"7'0""",289,C/SF,1610612766,Charlotte Hornets,32,2010
3297,Wendell Thompson,Wendell,Thompson,True,"6'9""",227,PF,1610612741,Chicago Bulls,37,2012
3298,Evan Grant,Evan,Grant,True,"6'3""",210,SG,1610612762,Utah Jazz,33,2022
3299,Larry Collins,Larry,Collins,True,"6'5""",193,SG,1610612741,Chicago Bulls,24,2014
3300,Dennis Bridges,Dennis,Bridges,True,"6'2""",207,SG/PF,1610612750,Minnesota Timberwolves,25,2020
3301,Patrick Hayward,Patrick,Hayward,True,"6'7""",222,SF/PF,1610612759,San Antonio Spurs,20,2012
3302,Malcolm Schröder,Malcolm,Schröder,True,"6'5""",200,SG,1610612746,Los Angeles Clippers,23,2011
3303,Kyle Green,Kyle,Green,True,"6'5""",209,SG,1610612746,Los Angeles Clippers,20,2024
3304,Tyler Walker,Tyler,Walker,True,"6'10""",226,PF/C,1610612748,Miami Heat,34,2010
3305,Jordan Harris,Jordan,Harris,True,"6'5""",215,SF,1610612764,Washington Wizards,26,2013
3306,Isaiah Mitchell,Isaiah,Mitchell,True,"6'7""",208,SF,1610612743,Denver Nuggets,34,2021
3307,Jalen Powell,Jalen,Powell,True,"6'5""",199,SG/SF,1610612749,Milwaukee Bucks,29,2012
3308,Brandon Young,Brandon,Young,True,"6'3""",179,PG,1610612754,Indiana Pacers,27,2021
3309,Malik Dinwiddie,Malik,Dinwiddie,True,"7'1""",269,C,1610612738,Boston Celtics,33,2013
3310,Marcus Fournier,Marcus,Fournier,True,"6'10""",225,PF,1610612742,Dallas Mavericks,34,2024
3311,Jared Mills,Jared,Mills,True,"6'10""",237,PF,1610612748,Miami Heat,20,2017
3312,Terry Beasley,Terry,Beasley,True,"7'1""",245,C,1610612744,Golden State Warriors,35,2023
3313,Gary Porter,Gary,Porter,True,"6'7""",229,PF/SF,1610612748,Miami Heat,30,2012
3314,Aaron Jackson,Aaron,Jackson,True,"6'4""",211,SF/PF,1610612763,Memphis Grizzlies,34,2016
3315,Eric Gordon,Eric,Gordon,True,"6'6""",222,SF,1610612752,New York Knicks,24,2016
3316,Dillon Lopez,Dillon,Lopez,True,"6'4""",212,SG,1610612744,Golden State Warriors,35,2014
3317,Bogdan Brooks,Bogdan,Brooks,True,"6'2""",197,PG,1610612748,Miami Heat,23,2021
3318,Spencer Carter,Spencer,Carter,True,"6'5""",201,SG,1610612747,Los Angeles Lakers,35,2015
3319,Gordon Nance,Gordon,Nance,True,"6'3""",196,PG,1610612759,San Antonio Spurs,19,2012
3320,Wendell Brogdon,Wendell,Brogdon,True,"6'7""",218,SF,1610612750,Minnesota Timberwolves,26,2024
3321,Evan Rozier,Evan,Rozier,True,"6'4""",219,SF,1610612739,Cleveland Cavaliers,30,2019
3322,Larry Robinson,Larry,Robinson,True,"6'10""",247,PF,1610612742,Dallas Mavericks,29,2016
3323,Dennis Thompson,Dennis,Thompson,True,"6'2""",186,SG,1610612746,Los Angeles Clippers,22,2020
3324,Patrick Grant,Patrick,Grant,True,"6'7""",237,PF,1610612741,Chicago Bulls,22,2020
3325,Malcolm Collins,Malcolm,Collins,True,"6'4""",194,SG/PF,1610612739,Cleveland Cavaliers,31,2010
3326,Kyle Bridges,Kyle,Bridges,True,"6'2""",206,SG,1610612746,Los Angeles Clippers,29,2024
3327,Tyler Hayward,Tyler,Hayward,True,"6'5""",193,SG,1610612760,Oklahoma City Thunder,27,2011
3328,Jordan Schröder,Jordan,Schröder,True,"6'0""",192,PG,1610612761,Toronto Raptors,31,2016
3329,Isaiah Green,Isaiah,Green,True,"7'0""",284,C,1610612748,Miami Heat,36,2010
3330,Jalen Walker,Jalen,Walker,True,"7'2""",249,C,1610612764,Washington Wizards,35,2021
3331,Brandon Harris,Brandon,Harris,True,"6'2""",198,SG,1610612753,Orlando Magic,37,2018
3332,Malik Mitchell,Malik,Mitchell,True,"7'1""",269,C,1610612755,Philadelphia 76ers,19,2018
3333,Marcus Powell,Marcus,Powell,True,"6'2""",210,SG,1610612740,New Orleans Pelicans,23,2022
3334,Jared Young,Jared,Young,True,"6'11""",271,C,1610612763,Memphis Grizzlies,23,2010
3335,Terry Dinwiddie,Terry,Dinwiddie,True,"5'10""",186,PG,1610612737,Atlanta Hawks,29,2013
3336,Gary Fournier,Gary,Fournier,True,"6'7""",225,SF,1610612752,New York Knicks,33,2023
3337,Aaron Mills,Aaron,Mills,True,"6'0""",196,PG,1610612742,Dallas Mavericks,30,2022
3338,Eric Beasley,Eric,Beasley,True,"7'0""",260,C,1610612746,Los Angeles Clippers,25,2017
3339,Dillon Porter,Dillon,Porter,True,"6'4""",194,SG,1610612764,Washington Wizards,23,2015
3340,Bogdan Jackson,Bogdan,Jackson,True,"6'4""",191,SG,1610612751,Brooklyn Nets,28,2021
3341,Spencer Gordon,Spencer,Gordon,True,"6'11""",246,C,1610612763,Memphis Grizzlies,21,2014
3342,Gordon Lopez,Gordon,Lopez,True,"6'6""",212,SF,1610612737,Atlanta Hawks,31,2017
3343,Wendell Brooks,Wendell,Brooks,True,"6'7""",236,PF,1610612759,San Antonio Spurs,34,2015
3344,Evan Carter,Evan,Carter,True,"6'8""",230,PF,1610612738,Boston Celtics,29,2024
3345,Larry Nance,Larry,Nance,True,"6'9""",249,C/PF,1610612766,Charlotte Hornets,25,2012
3346,Dennis Brogdon,Dennis,Brogdon,True,"7'2""",276,C/SG,1610612756,Phoenix Suns,35,2011
3347,Patrick Rozier,Patrick,Rozier,True,"6'4""",200,SG,1610612752,New York Knicks,35,2011
3348,Malcolm Robinson,Malcolm,Robinson,True,"6'4""",187,SG,1610612762,Utah Jazz,26,2014
3349,Kyle Thompson,Kyle,Thompson,True,"6'0""",194,PG,1610612739,Cleveland Cavaliers,24,2023
3350,Tyler Grant,Tyler,Grant,True,"7'2""",262,C,1610612744,Golden State Warriors,25,2014
3351,Jordan Collins,Jordan,Collins,True,"6'4""",210,SG,1610612756,Phoenix Suns,36,2022
3352,Isaiah Bridges,Isaiah,Bridges,True,"6'0""",197,PG,1610612744,Golden State Warriors,34,2023
3353,Jalen Hayward,Jalen,Hayward,True,"5'10""",175,PG,1610612765,Detroit Pistons,33,2011
3354,Brandon Schröder,Brandon,Schröder,True,"5'10""",188,PG,1610612744,Golden State Warriors,26,2015
3355,Malik Green,Malik,Green,True,"6'4""",212,SG,1610612753,Orlando Magic,24,2011
3356,Marcus Walker,Marcus,Walker,True,"6'3""",196,SG,1610612755,Philadelphia 76ers,33,2017
3357,Jared Harris,Jared,Harris,True,"6'4""",211,SG/PG,1610612748,Miami Heat,24,2016
3358,Terry Mitchell,Terry,Mitchell,True,"6'7""",203,SF,1610612745,Houston Rockets,32,2017
3359,Gary Powell,Gary,Powell,True,"6'0""",187,PG,1610612747,Los Angeles Lakers,31,2018
3360,Aaron Young,Aaron,Young,True,"6'7""",219,SF/SG,1610612757,Portland Trail Blazers,26,2024
3361,Eric Dinwiddie,Eric,Dinwiddie,True,"6'10""",267,C,1610612766,Charlotte Hornets,26,2017
3362,Dillon Fournier,Dillon,Fournier,True,"6'8""",234,PF/C,1610612762,Utah Jazz,21,2015
3363,Bogdan Mills,Bogdan,Mills,True,"6'3""",191,PG/SF,1610612757,Portland Trail Blazers,31,2020
3364,Spencer Beasley,Spencer,Beasley,True,"6'7""",206,SF,1610612757,Portland Trail Blazers,32,2014
3365,Gordon Porter,Gordon,Porter,True,"6'9""",232,PF/C,1610612760,Oklahoma City Thunder,30,2023
3366,Wendell Jackson,Wendell,Jackson,True,"7'2""",241,C/PG,1610612762,Utah Jazz,22,2020
3367,Evan Gordon,Evan,Gordon,True,"6'4""",207,SG,1610612766,Charlotte Hornets,34,2024
3368,Larry Lopez,Larry,Lopez,True,"6'4""",200,SG,1610612766,Charlotte Hornets,33,2015
3369,Dennis Brooks,Dennis,Brooks,True,"6'10""",238,PF/PG,1610612760,Oklahoma City Thunder,32,2019
3370,Patrick Carter,Patrick,Carter,True,"6'1""",175,PG,1610612739,Cleveland Cavaliers,21,2023
3371,Malcolm Nance,Malcolm,Nance,True,"6'8""",230,PF,1610612764,Washington Wizards,24,2014
3372,Kyle Brogdon,Kyle,Brogdon,True,"5'11""",175,PG,1610612745,Houston Rockets,36,2017
3373,Tyler Rozier,Tyler,Rozier,True,"6'3""",195,SG/PF,1610612754,Indiana Pacers,26,2018
3374,Jordan Robinson,Jordan,Robinson,True,"6'4""",203,SG,1610612761,Toronto Raptors,23,2020
3375,Isaiah Thompson,Isaiah,Thompson,True,"6'7""",228,PF,1610612748,Miami Heat,30,2019
3376,Jalen Grant,Jalen,Grant,True,"6'4""",188,SG,1610612749,Milwaukee Bucks,34,2018
3377,Brandon Collins,Brandon,Collins,True,"6'6""",225,SF,1610612745,Houston Rockets,27,2023
3378,Malik Bridges,Malik,Bridges,True,"6'2""",182,PG,1610612753,Orlando Magic,33,2021
3379,Marcus Hayward,Marcus,Hayward,True,"6'4""",229,SF,1610612749,Milwaukee Bucks,31,2013
3380,Jared Schröder,Jared,Schröder,True,"6'4""",204,SG,1610612763,Memphis Grizzlies,30,2021
3381,Terry Green,Terry,Green,True,"6'4""",217,SF,1610612742,Dallas Mavericks,30,2024
3382,Gary Walker,Gary,Walker,True,"5'11""",199,PG,1610612754,Indiana Pacers,29,2022
3383,Aaron Harris,Aaron,Harris,True,"6'2""",178,PG/PF,1610612765,Detroit Pistons,25,2016
3384,Eric Mitchell,Eric,Mitchell,True,"6'3""",177,PG,1610612757,Portland Trail Blazers,32,2021
3385,Dillon Powell,Dillon,Powell,True,"6'4""",213,SF/C,1610612761,Toronto Raptors,28,2024
3386,Bogdan Young,Bogdan,Young,True,"6'3""",181,PG/C,1610612748,Miami Heat,31,2021
3387,Spencer Dinwiddie,Spencer,Dinwiddie,True,"6'2""",193,PG/SF,1610612764,Washington Wizards,31,2017
3388,Gordon Fournier,Gordon,Fournier,True,"7'0""",275,C/PG,1610612743,Denver Nuggets,30,2014
3389,Wendell Mills,Wendell,Mills,True,"6'1""",195,PG,1610612747,Los Angeles Lakers,37,2012
3390,Evan Beasley,Evan,Beasley,True,"6'11""",268,C,1610612755,Philadelphia 76ers,34,2014
3391,Larry Porter,Larry,Porter,True,"5'10""",175,PG/PF,1610612756,Phoenix Suns,33,2020
3392,Dennis Jackson,Dennis,Jackson,True,"6'7""",202,SF/PF,1610612764,Washington Wizards,28,2011
3393,Patrick Gordon,Patrick,Gordon,True,"6'7""",222,PF,1610612760,Oklahoma City Thunder,23,2016
3394,Malcolm Lopez,Malcolm,Lopez,True,"6'4""",203,SF,1610612747,Los Angeles Lakers,30,2011
3395,Kyle Brooks,Kyle,Brooks,True,"6'8""",214,SF/PF,1610612742,Dallas Mavericks,36,2013
3396,Tyler Carter,Tyler,Carter,True,"6'7""",238,PF/PG,1610612758,Sacramento Kings,20,2021
3397,Jordan Nance,Jordan,Nance,True,"6'11""",253,C,1610612757,Portland Trail Blazers,26,2017
3398,Isaiah Brogdon,Isaiah,Brogdon,True,"6'1""",180,PG/PF,1610612749,Milwaukee Bucks,34,2023
3399,Jalen Rozier,Jalen,Rozier,True,"6'3""",180,PG,1610612758,Sacramento Kings,36,2014
3400,Brandon Robinson,Brandon,Robinson,True,"6'7""",248,PF,1610612762,Utah Jazz,20,2017
3401,Malik Thompson,Malik,Thompson,True,"6'4""",194,SG,1610612747,Los Angeles Lakers,28,2023
3402,Marcus Grant,Marcus,Grant,True,"6'8""",213,SF,1610612748,Miami Heat,30,2017
3403,Jared Collins,Jared,Collins,True,"6'0""",183,PG/C,1610612748,Miami Heat,25,2023
3404,Terry Bridges,Terry,Bridges,True,"6'0""",190,PG/PF,1610612737,Atlanta Hawks,32,2015
3405,Gary Hayward,Gary,Hayward,True,"6'2""",177,PG,1610612746,Los Angeles Clippers,24,2010
3406,Aaron Schröder,Aaron,Schröder,True,"7'1""",289,C,1610612758,Sacramento Kings,30,2019
3407,Eric Green,Eric,Green,True,"7'0""",276,C,1610612737,Atlanta Hawks,29,2018
3408,Dillon Walker,Dillon,Walker,True,"6'9""",287,C/PG,1610612750,Minnesota Timberwolves,26,2022
3409,Bogdan Harris,Bogdan,Harris,True,"6'8""",233,PF/SF,1610612751,Brooklyn Nets,30,2018
3410,Spencer Mitchell,Spencer,Mitchell,True,"6'2""",192,PG,1610612752,New York Knicks,35,2024
3411,Gordon Powell,Gordon,Powell,True,"7'1""",270,C/SG,1610612742,Dallas Mavericks,27,2015
3412,Wendell Young,Wendell,Young,True,"6'2""",176,PG,1610612765,Detroit Pistons,23,2018
3413,Evan Dinwiddie,Evan,Dinwiddie,True,"6'8""",220,PF,1610612747,Los Angeles Lakers,20,2017
3414,Larry Fournier,Larry,Fournier,True,"6'9""",247,PF,1610612750,Minnesota Timberwolves,21,2011
3415,Dennis Mills,Dennis,Mills,True,"6'9""",242,PF,1610612755,Philadelphia 76ers,37,2013
3416,Patrick Beasley,Patrick,Beasley,True,"6'2""",203,SG,1610612754,Indiana Pacers,27,2011
3417,Malcolm Porter,Malcolm,Porter,True,"6'8""",230,PF,1610612759,San Antonio Spurs,26,2013
3418,Kyle Jackson,Kyle,Jackson,True,"6'3""",210,SG,1610612753,Orlando Magic,29,2015
3419,Tyler Gordon,Tyler,Gordon,True,"5'11""",182,PG/C,1610612765,Detroit Pistons,31,2013
3420,Jordan Lopez,Jordan,Lopez,True,"6'10""",276,C/SF,1610612740,New Orleans Pelicans,36,2023
3421,Isaiah Brooks,Isaiah,Brooks,True,"6'2""",180,PG/SG,1610612738,Boston Celtics,25,2010
3422,Jalen Carter,Jalen,Carter,True,"6'5""",207,SF/PF,1610612759,San Antonio Spurs,24,2013
3423,Brandon Nance,Brandon,Nance,True,"7'0""",262,C,1610612751,Brooklyn Nets,30,2014
3424,Malik Brogdon,Malik,Brogdon,True,"6'5""",227,SF,1610612738,Boston Celtics,21,2015
3425,Marcus Rozier,Marcus,Rozier,True,"6'6""",206,SF,1610612741,Chicago Bulls,32,2016
3426,Jared Robinson,Jared,Robinson,True,"6'0""",197,PG,1610612761,Toronto Raptors,34,2021
3427,Terry Thompson,Terry,Thompson,True,"6'10""",248,C,1610612761,Toronto Raptors,29,2013
3428,Gary Grant,Gary,Grant,True,"6'10""",235,PF,1610612759,San Antonio Spurs,19,2023
3429,Aaron Collins,Aaron,Collins,True,"6'10""",272,C/PF,1610612741,Chicago Bulls,34,2017
3430,Eric Bridges,Eric,Bridges,True,"6'6""",220,SF,1610612762,Utah Jazz,36,2019
3431,Dillon Hayward,Dillon,Hayward,True,"6'7""",213,SF/C,1610612749,Milwaukee Bucks,20,2018
3432,Bogdan Schröder,Bogdan,Schröder,True,"6'11""",287,C,1610612757,Portland Trail Blazers,27,2024
3433,Spencer Green,Spencer,Green,True,"6'8""",238,PF/C,1610612752,New York Knicks,31,2023
3434,Gordon Walker,Gordon,Walker,True,"7'0""",259,C,1610612763,Memphis Grizzlies,36,2011
3435,Wendell Harris,Wendell,Harris,True,"6'10""",242,C,1610612737,Atlanta Hawks,22,2012
3436,Evan Mitchell,Evan,Mitchell,True,"6'7""",221,PF,1610612745,Houston Rockets,24,2022
3437,Larry Powell,Larry,Powell,True,"6'3""",185,PG,1610612750,Minnesota Timberwolves,22,2015
3438,Dennis Young,Dennis,Young,True,"6'5""",188,SG,1610612753,Orlando Magic,33,2010
3439,Patrick Dinwiddie,Patrick,Dinwiddie,True,"6'10""",280,C/SF,1610612753,Orlando Magic,21,2021
3440,Malcolm Fournier,Malcolm,Fournier,True,"6'5""",208,SF,1610612743,Denver Nuggets,35,2023
3441,Kyle Mills,Kyle,Mills,True,"6'3""",188,SG/PF,1610612764,Washington Wizards,21,2017
3442,Tyler Beasley,Tyler,Beasley,True,"6'11""",273,C/SF,1610612757,Portland Trail Blazers,27,2011
3443,Jordan Porter,Jordan,Porter,True,"7'2""",289,C/PF,1610612745,Houston Rockets,33,2018
3444,Isaiah Jackson,Isaiah,Jackson,True,"6'9""",232,PF/SF,1610612766,Charlotte Hornets,29,2014
3445,Jalen Gordon,Jalen,Gordon,True,"6'7""",249,PF,1610612753,Orlando Magic,29,2010
3446,Brandon Lopez,Brandon,Lopez,True,"6'4""",225,SF/SG,1610612756,Phoenix Suns,22,2021
3447,Malik Brooks,Malik,Brooks,True,"6'0""",189,PG/SG,1610612754,Indiana Pacers,26,2023
3448,Marcus Carter,Marcus,Carter,True,"5'11""",185,PG,1610612758,Sacramento Kings,26,2023
3449,Jared Nance,Jared,Nance,True,"6'6""",214,SF,1610612766,Charlotte Hornets,22,2023
3450,Terry Brogdon,Terry,Brogdon,True,"7'2""",272,C/PG,1610612740,New Orleans Pelicans,23,2024
3451,Gary Rozier,Gary,Rozier,True,"6'2""",207,SG/C,1610612746,Los Angeles Clippers,28,2019
3452,Aaron Robinson,Aaron,Robinson,True,"7'2""",260,C/PG,1610612749,Milwaukee Bucks,23,2024
3453,Eric Thompson,Eric,Thompson,True,"6'5""",185,SG,1610612744,Golden State Warriors,23,2017
3454,Dillon Grant,Dillon,Grant,True,"6'10""",230,PF,1610612760,Oklahoma City Thunder,20,2022
3455,Bogdan Collins,Bogdan,Collins,True,"6'9""",262,C/SG,1610612746,Los Angeles Clippers,19,2015
3456,Spencer Bridges,Spencer,Bridges,True,"6'0""",195,PG,1610612739,Cleveland Cavaliers,31,2018
3457,Gordon Hayward,Gordon,Hayward,True,"6'11""",288,C,1610612749,Milwaukee Bucks,34,2021
3458,Wendell Schröder,Wendell,Schröder,True,"6'4""",185,SG,1610612754,Indiana Pacers,34,2021
3459,Evan Green,Evan,Green,True,"6'8""",221,PF/PG,1610612751,Brooklyn Nets,30,2011
3460,Larry Walker,Larry,Walker,True,"6'1""",179,PG/PF,1610612748,Miami Heat,35,2023
3461,Dennis Harris,Dennis,Harris,True,"6'6""",203,SF/C,1610612749,Milwaukee Bucks,35,2019
3462,Patrick Mitchell,Patrick,Mitchell,True,"6'8""",234,PF,1610612753,Orlando Magic,22,2022
3463,Malcolm Powell,Malcolm,Powell,True,"6'4""",212,SF,1610612748,Miami Heat,19,2022
3464,Kyle Young,Kyle,Young,True,"6'11""",249,C/PF,1610612750,Minnesota Timberwolves,35,2023
3465,Tyler Dinwiddie,Tyler,Dinwiddie,True,"6'2""",200,SG/PF,1610612753,Orlando Magic,19,2013
3466,Jordan Fournier,Jordan,Fournier,True,"6'8""",232,PF/C,1610612738,Boston Celtics,35,2011
3467,Isaiah Mills,Isaiah,Mills,True,"6'3""",196,SG/PF,1610612739,Cleveland Cavaliers,30,2022
3468,Jalen Beasley,Jalen,Beasley,True,"6'11""",279,C,1610612764,Washington Wizards,29,2024
3469,Brandon Porter,Brandon,Porter,True,"6'2""",200,SG/PF,1610612752,New York Knicks,31,2023
3470,Malik Jackson,Malik,Jackson,True,"5'10""",194,PG,1610612745,Houston Rockets,32,2018
3471,Marcus Gordon,Marcus,Gordon,True,"6'9""",268,C,1610612741,Chicago Bulls,31,2022
3472,Jared Lopez,Jared,Lopez,True,"6'5""",200,SG,1610612737,Atlanta Hawks,20,2024
3473,Terry Brooks,Terry,Brooks,True,"6'8""",223,PF,1610612751,Brooklyn Nets,31,2017
3474,Gary Carter,Gary,Carter,True,"6'2""",195,PG/PF,1610612753,Orlando Magic,29,2014
3475,Aaron Nance,Aaron,Nance,True,"6'9""",243,PF,1610612762,Utah Jazz,23,2015
3476,Eric Brogdon,Eric,Brogdon,True,"6'9""",232,PF,1610612744,Golden State Warriors,20,2010
3477,Dillon Rozier,Dillon,Rozier,True,"6'9""",246,PF/SG,1610612760,Oklahoma City Thunder,28,2018
3478,Bogdan Robinson,Bogdan,Robinson,True,"7'1""",278,C,1610612751,Brooklyn Nets,22,2023
3479,Spencer Thompson,Spencer,Thompson,True,"7'1""",280,C,1610612752,New York Knicks,27,2017
3480,Gordon Grant,Gordon,Grant,True,"6'4""",223,SF,1610612756,Phoenix Suns,34,2017
3481,Wendell Collins,Wendell,Collins,True,"6'9""",270,C,1610612754,Indiana Pacers,35,2020
3482,Evan Bridges,Evan,Bridges,True,"6'9""",266,C,1610612764,Washington Wizards,21,2013
3483,Larry Hayward,Larry,Hayward,True,"6'3""",191,SG/C,1610612743,Denver Nuggets,25,2017
3484,Dennis Schröder,Dennis,Schröder,True,"5'11""",198,PG,1610612743,Denver Nuggets,29,2020
3485,Patrick Green,Patrick,Green,True,"6'10""",234,PF,1610612765,Detroit Pistons,30,2010
3486,Malcolm Walker,Malcolm,Walker,True,"6'8""",223,PF,1610612760,Oklahoma City Thunder,30,2019
3487,Kyle Harris,Kyle,Harris,True,"5'10""",187,PG/SG,1610612742,Dallas Mavericks,27,2019
3488,Tyler Mitchell,Tyler,Mitchell,True,"6'10""",248,PF,1610612763,Memphis Grizzlies,31,2010
3489,Jordan Powell,Jordan,Powell,True,"6'10""",222,PF/SG,1610612763,Memphis Grizzlies,25,2015
3490,Isaiah Young,Isaiah,Young,True,"6'10""",232,PF/SF,1610612737,Atlanta Hawks,24,2013
3491,Jalen Dinwiddie,Jalen,Dinwiddie,True,"6'1""",175,PG,1610612752,New York Knicks,32,2019
3492,Brandon Fournier,Brandon,Fournier,True,"6'7""",221,PF/C,1610612757,Portland Trail Blazers,29,2023
3493,Malik Mills,Malik,Mills,True,"6'2""",187,SG/SF,1610612761,Toronto Raptors,27,2018
3494,Marcus Beasley,Marcus,Beasley,True,"6'0""",180,PG,1610612738,Boston Celtics,37,2011
3495,Jared Porter,Jared,Porter,True,"6'10""",236,PF/SG,1610612766,Charlotte Hornets,36,2024
3496,Terry Jackson,Terry,Jackson,True,"6'4""",225,SF,1610612765,Detroit Pistons,27,2013
3497,Gary Gordon,Gary,Gordon,True,"6'7""",210,SF,1610612741,Chicago Bulls,36,2016
3498,Aaron Lopez,Aaron,Lopez,True,"6'7""",218,SF,1610612737,Atlanta Hawks,25,2024
3499,Eric Brooks,Eric,Brooks,True,"6'7""",229,PF/SF,1610612745,Houston Rockets,27,2015
3500,Dillon Carter,Dillon,Carter,True,"6'10""",246,PF/C,1610612743,Denver Nuggets,20,2021
3501,Bogdan Nance,Bogdan,Nance,True,"6'10""",284,C,1610612760,Oklahoma City Thunder,19,2010
3502,Spencer Brogdon,Spencer,Brogdon,True,"6'2""",205,SG,1610612741,Chicago Bulls,32,2022
3503,Gordon Rozier,Gordon,Rozier,True,"6'4""",225,SF,1610612760,Oklahoma City Thunder,30,2019
3504,Wendell Robinson,Wendell,Robinson,True,"6'5""",198,SG,1610612752,New York Knicks,20,2023
3505,Evan Thompson,Evan,Thompson,True,"6'4""",204,SG,1610612744,Golden State Warriors,31,2021
3506,Larry Grant,Larry,Grant,True,"6'5""",216,SF,1610612745,Houston Rockets,36,2023
3507,Dennis Collins,Dennis,Collins,True,"6'5""",208,SF/PG,1610612763,Memphis Grizzlies,25,2015
3508,Patrick Bridges,Patrick,Bridges,True,"6'10""",224,PF,1610612745,Houston Rockets,27,2022
3509,Malcolm Hayward,Malcolm,Hayward,True,"6'5""",193,SG,1610612756,Phoenix Suns,36,2019
3510,Kyle Schröder,Kyle,Schröder,True,"6'11""",244,C,1610612747,Los Angeles Lakers,29,2024
3511,Tyler Green,Tyler,Green,True,"7'0""",249,C/PF,1610612756,Phoenix Suns,27,2020
3512,Jordan Walker,Jordan,Walker,True,"6'4""",190,SG/SF,1610612745,Houston Rockets,20,2022
3513,Isaiah Harris,Isaiah,Harris,True,"5'11""",193,PG,1610612766,Charlotte Hornets,19,2014
3514,Jalen Mitchell,Jalen,Mitchell,True,"6'10""",284,C,1610612761,Toronto Raptors,32,2012
3515,Brandon Powell,Brandon,Powell,True,"6'0""",193,PG,1610612744,Golden State Warriors,35,2013
3516,Malik Young,Malik,Young,True,"6'2""",210,SG,1610612758,Sacramento Kings,24,2013
3517,Marcus Dinwiddie,Marcus,Dinwiddie,True,"6'10""",221,PF,1610612755,Philadelphia 76ers,19,2019
3518,Jared Fournier,Jared,Fournier,True,"6'11""",287,C/SF,1610612763,Memphis Grizzlies,36,2019
3519,Terry Mills,Terry,Mills,True,"6'8""",207,SF,1610612740,New Orleans Pelicans,33,2014
3520,Gary Beasley,Gary,Beasley,True,"6'5""",208,SF/C,1610612757,Portland Trail Blazers,34,2015
3521,Aaron Porter,Aaron,Porter,True,"6'11""",258,C,1610612765,Detroit Pistons,20,2014
3522,Eric Jackson,Eric,Jackson,True,"6'7""",227,SF/SG,1610612747,Los Angeles Lakers,23,2016
3523,Dillon Gordon,Dillon,Gordon,True,"6'3""",194,SG/SF,1610612765,Detroit Pistons,25,2023
3524,Bogdan Lopez,Bogdan,Lopez,True,"6'7""",242,PF/SF,1610612744,Golden State Warriors,26,2022
3525,Spencer Brooks,Spencer,Brooks,True,"6'11""",262,C/SG,1610612744,Golden State Warriors,33,2014
3526,Gordon Carter,Gordon,Carter,True,"6'4""",206,SG,1610612738,Boston Celtics,34,2012
3527,Wendell Nance,Wendell,Nance,True,"6'4""",207,SF,1610612743,Denver Nuggets,28,2013
3528,Evan Brogdon,Evan,Brogdon,True,"6'4""",229,SF,1610612740,New Orleans Pelicans,35,2024
3529,Larry Rozier,Larry,Rozier,True,"6'10""",244,PF,1610612762,Utah Jazz,34,2016
3530,Dennis Robinson,Dennis,Robinson,True,"6'8""",210,SF,1610612738,Boston Celtics,36,2024
3531,Patrick Thompson,Patrick,Thompson,True,"6'3""",190,SG,1610612747,Los Angeles Lakers,25,2015
3532,Malcolm Grant,Malcolm,Grant,True,"6'9""",243,PF,1610612756,Phoenix Suns,29,2011
3533,Kyle Collins,Kyle,Collins,True,"7'2""",269,C,1610612748,Miami Heat,30,2015
3534,Tyler Bridges,Tyler,Bridges,True,"6'6""",216,SF,1610612764,Washington Wizards,23,2017
3535,Jordan Hayward,Jordan,Hayward,True,"5'10""",183,PG,1610612748,Miami Heat,25,2014
3536,Isaiah Schröder,Isaiah,Schröder,True,"6'5""",203,SG,1610612743,Denver Nuggets,29,2018
3537,Jalen Green,Jalen,Green,True,"6'2""",199,SG,1610612762,Utah Jazz,36,2019
3538,Brandon Walker,Brandon,Walker,True,"6'0""",183,PG,1610612749,Milwaukee Bucks,29,2015
3539,Malik Harris,Malik,Harris,True,"6'8""",220,PF,1610612743,Denver Nuggets,36,2017
3540,Marcus Mitchell,Marcus,Mitchell,True,"6'10""",222,PF,1610612744,Golden State Warriors,28,2013
3541,Jared Powell,Jared,Powell,True,"6'4""",210,SF/PF,1610612752,New York Knicks,27,2014
3542,Terry Young,Terry,Young,True,"6'3""",198,SG/C,1610612743,Denver Nuggets,25,2018
3543,Gary Dinwiddie,Gary,Dinwiddie,True,"6'4""",197,SG,1610612754,Indiana Pacers,30,2012
3544,Aaron Fournier,Aaron,Fournier,True,"6'6""",200,SF/PG,1610612760,Oklahoma City Thunder,25,2011
3545,Eric Mills,Eric,Mills,True,"6'8""",223,PF,1610612742,Dallas Mavericks,22,2022
3546,Dillon Beasley,Dillon,Beasley,True,"6'3""",185,PG,1610612759,San Antonio Spurs,24,2017
3547,Bogdan Porter,Bogdan,Porter,True,"6'5""",212,SF/C,1610612749,Milwaukee Bucks,25,2019
3548,Spencer Jackson,Spencer,Jackson,True,"6'10""",288,C/PG,1610612752,New York Knicks,36,2017
3549,Gordon Gordon,Gordon,Gordon,True,"6'9""",228,PF,1610612761,Toronto Raptors,34,2013
3550,Wendell Lopez,Wendell,Lopez,True,"6'6""",228,SF/PF,1610612762,Utah Jazz,28,2013
3551,Evan Brooks,Evan,Brooks,True,"5'10""",196,PG/SG,1610612748,Miami Heat,19,2018
3552,Larry Carter,Larry,Carter,True,"5'10""",192,PG,1610612748,Miami Heat,25,2024
3553,Dennis Nance,Dennis,Nance,True,"6'9""",221,PF/SG,1610612740,New Orleans Pelicans,20,2023
3554,Patrick Brogdon,Patrick,Brogdon,True,"6'2""",194,SG/C,1610612748,Miami Heat,36,2021
3555,Malcolm Rozier,Malcolm,Rozier,True,"7'1""",258,C/SF,1610612745,Houston Rockets,30,2016
3556,Kyle Robinson,Kyle,Robinson,True,"6'7""",222,PF/SG,1610612762,Utah Jazz,21,2019
3557,Tyler Thompson,Tyler,Thompson,True,"6'2""",177,PG,1610612753,Orlando Magic,26,2020
3558,Jordan Grant,Jordan,Grant,True,"6'4""",227,SF,1610612764,Washington Wizards,21,2023
3559,Isaiah Collins,Isaiah,Collins,True,"6'4""",217,SF,1610612755,Philadelphia 76ers,27,2022
3560,Jalen Bridges,Jalen,Bridges,True,"6'9""",222,PF/SF,1610612765,Detroit Pistons,34,2020
3561,Brandon Hayward,Brandon,Hayward,True,"6'8""",239,PF/C,1610612756,Phoenix Suns,21,2018
3562,Malik Schröder,Malik,Schröder,True,"6'0""",176,PG/PF,1610612754,Indiana Pacers,28,2011
3563,Marcus Green,Marcus,Green,True,"5'10""",187,PG,1610612744,Golden State Warriors,29,2022
3564,Jared Walker,Jared,Walker,True,"6'9""",286,C,1610612750,Minnesota Timberwolves,21,2020
3565,Terry Harris,Terry,Harris,True,"6'9""",257,C/SG,1610612738,Boston Celtics,29,2014
3566,Gary Mitchell,Gary,Mitchell,True,"5'10""",186,PG,1610612757,Portland Trail Blazers,33,2016
3567,Aaron Powell,Aaron,Powell,True,"6'11""",274,C,1610612751,Brooklyn Nets,31,2022
3568,Eric Young,Eric,Young,True,"7'1""",257,C,1610612763,Memphis Grizzlies,25,2013
3569,Dillon Dinwiddie,Dillon,Dinwiddie,True,"6'10""",249,PF,1610612751,Brooklyn Nets,37,2010
3570,Bogdan Fournier,Bogdan,Fournier,True,"6'6""",210,SF,1610612765,Detroit Pistons,26,2014
3571,Spencer Mills,Spencer,Mills,True,"6'2""",194,SG,1610612737,Atlanta Hawks,33,2012
3572,Gordon Beasley,Gordon,Beasley,True,"5'11""",193,PG/SG,1610612761,Toronto Raptors,24,2018
3573,Wendell Porter,Wendell,Porter,True,"6'9""",246,C,1610612760,Oklahoma City Thunder,22,2010
3574,Evan Jackson,Evan,Jackson,True,"6'9""",223,PF,1610612745,Houston Rockets,36,2013
3575,Larry Gordon,Larry,Gordon,True,"6'3""",190,SG/C,1610612759,San Antonio Spurs,34,2017
3576,Dennis Lopez,Dennis,Lopez,True,"6'7""",230,PF/SG,1610612766,Charlotte Hornets,32,2016
3577,Patrick Brooks,Patrick,Brooks,True,"6'5""",221,SF,1610612743,Denver Nuggets,29,2014
3578,Malcolm Carter,Malcolm,Carter,True,"6'10""",275,C,1610612756,Phoenix Suns,35,2024
3579,Kyle Nance,Kyle,Nance,True,"6'8""",235,PF,1610612748,Miami Heat,27,2023
3580,Tyler Brogdon,Tyler,Brogdon,True,"6'8""",200,SF,1610612749,Milwaukee Bucks,23,2023
3581,Jordan Rozier,Jordan,Rozier,True,"6'7""",232,PF,1610612756,Phoenix Suns,35,2014
3582,Isaiah Robinson,Isaiah,Robinson,True,"7'1""",278,C/SG,1610612750,Minnesota Timberwolves,35,2024
3583,Jalen Thompson,Jalen,Thompson,True,"6'2""",205,SG,1610612765,Detroit Pistons,29,2019
3584,Brandon Grant,Brandon,Grant,True,"6'6""",225,SF,1610612760,Oklahoma City Thunder,24,2019
3585,Malik Collins,Malik,Collins,True,"6'2""",190,SG/PG,1610612753,Orlando Magic,29,2020
3586,Marcus Bridges,Marcus,Bridges,True,"6'2""",198,PG,1610612755,Philadelphia 76ers,28,2016
3587,Jared Hayward,Jared,Hayward,True,"6'10""",242,PF,1610612747,Los Angeles Lakers,21,2011
3588,Terry Schröder,Terry,Schröder,True,"6'9""",280,C,1610612753,Orlando Magic,31,2011
3589,Gary Green,Gary,Green,True,"6'10""",283,C,1610612737,Atlanta Hawks,23,2018
3590,Aaron Walker,Aaron,Walker,True,"6'11""",275,C,1610612760,Oklahoma City Thunder,31,2017
3591,Eric Harris,Eric,Harris,True,"6'4""",216,SF,1610612741,Chicago Bulls,34,2014
3592,Dillon Mitchell,Dillon,Mitchell,True,"7'0""",289,C,1610612766,Charlotte Hornets,32,2013
3593,Bogdan Powell,Bogdan,Powell,True,"6'9""",287,C,1610612749,Milwaukee Bucks,35,2023
3594,Spencer Young,Spencer,Young,True,"6'4""",220,SF,1610612754,Indiana Pacers,24,2016
3595,Gordon Dinwiddie,Gordon,Dinwiddie,True,"7'1""",263,C,1610612756,Phoenix Suns,20,2015
3596,Wendell Fournier,Wendell,Fournier,True,"6'8""",208,SF/SG,1610612765,Detroit Pistons,25,2015
3597,Evan Mills,Evan,Mills,True,"6'3""",191,SG/SF,1610612764,Washington Wizards,30,2021
3598,Larry Beasley,Larry,Beasley,True,"7'2""",247,C,1610612751,Brooklyn Nets,30,2011
3599,Dennis Porter,Dennis,Porter,True,"6'8""",209,SF/PF,1610612750,Minnesota Timberwolves,37,2018
3600,Patrick Jackson,Patrick,Jackson,True,"5'10""",190,PG,1610612748,Miami Heat,25,2014
3601,Malcolm Gordon,Malcolm,Gordon,True,"6'4""",214,SF,1610612748,Miami Heat,29,2011
3602,Kyle Lopez,Kyle,Lopez,True,"6'8""",225,PF,1610612759,San Antonio Spurs,34,2020
3603,Tyler Brooks,Tyler,Brooks,True,"7'0""",266,C/SG,1610612761,Toronto Raptors,22,2012
3604,Jordan Carter,Jordan,Carter,True,"6'3""",186,PG,1610612755,Philadelphia 76ers,30,2022
3605,Isaiah Nance,Isaiah,Nance,True,"5'11""",196,PG,1610612757,Portland Trail Blazers,30,2019
3606,Jalen Brogdon,Jalen,Brogdon,True,"6'9""",248,C,1610612766,Charlotte Hornets,20,2016
3607,Brandon Rozier,Brandon,Rozier,True,"7'0""",264,C,1610612757,Portland Trail Blazers,29,2016
3608,Malik Robinson,Malik,Robinson,True,"6'7""",221,PF,1610612764,Washington Wizards,34,2020
3609,Marcus Thompson,Marcus,Thompson,True,"6'9""",232,PF,1610612755,Philadelphia 76ers,22,2012
3610,Jared Grant,Jared,Grant,True,"6'8""",231,PF/PG,1610612751,Brooklyn Nets,21,2014
3611,Terry Collins,Terry,Collins,True,"6'4""",225,SF,1610612748,Miami Heat,35,2016
3612,Gary Bridges,Gary,Bridges,True,"6'5""",214,SF,1610612756,Phoenix Suns,26,2015
3613,Aaron Hayward,Aaron,Hayward,True,"6'3""",189,SG/SF,1610612741,Chicago Bulls,32,2024
3614,Eric Schröder,Eric,Schröder,True,"6'1""",187,PG,1610612753,Orlando Magic,35,2020
3615,Dillon Green,Dillon,Green,True,"6'10""",226,PF/SG,1610612755,Philadelphia 76ers,24,2016
3616,Bogdan Walker,Bogdan,Walker,True,"6'7""",229,SF,1610612744,Golden State Warriors,19,2017
3617,Spencer Harris,Spencer,Harris,True,"6'10""",238,PF,1610612766,Charlotte Hornets,29,2022
3618,Gordon Mitchell,Gordon,Mitchell,True,"5'11""",181,PG,1610612750,Minnesota Timberwolves,26,2020
3619,Wendell Powell,Wendell,Powell,True,"6'6""",223,SF,1610612766,Charlotte Hornets,29,2014
3620,Evan Young,Evan,Young,True,"6'6""",221,SF,1610612764,Washington Wizards,21,2018
3621,Larry Dinwiddie,Larry,Dinwiddie,True,"6'2""",201,SG,1610612745,Houston Rockets,34,2015
3622,Dennis Fournier,Dennis,Fournier,True,"6'3""",196,PG/PF,1610612743,Denver Nuggets,30,2017
3623,Patrick Mills,Patrick,Mills,True,"6'6""",227,SF,1610612757,Portland Trail Blazers,27,2023
3624,Malcolm Beasley,Malcolm,Beasley,True,"5'11""",197,PG/SG,1610612751,Brooklyn Nets,33,2019
3625,Kyle Porter,Kyle,Porter,True,"6'10""",243,PF/SG,1610612738,Boston Celtics,35,2013
3626,Tyler Jackson,Tyler,Jackson,True,"6'7""",235,PF,1610612755,Philadelphia 76ers,26,2016
3627,Jordan Gordon,Jordan,Gordon,True,"6'9""",232,PF,1610612763,Memphis Grizzlies,22,2024
3628,Isaiah Lopez,Isaiah,Lopez,True,"6'0""",186,PG/SF,1610612758,Sacramento Kings,29,2013
3629,Jalen Brooks,Jalen,Brooks,True,"6'4""",222,SF,1610612752,New York Knicks,32,2010
3630,Brandon Carter,Brandon,Carter,True,"6'9""",258,C,1610612766,Charlotte Hornets,34,2013
3631,Malik Nance,Malik,Nance,True,"6'7""",211,SF,1610612756,Phoenix Suns,32,2012
3632,Marcus Brogdon,Marcus,Brogdon,True,"7'1""",253,C/PG,1610612757,Portland Trail Blazers,32,2022
3633,Jared Rozier,Jared,Rozier,True,"6'5""",203,SG,1610612760,Oklahoma City Thunder,30,2019
3634,Terry Robinson,Terry,Robinson,True,"6'8""",221,PF,1610612745,Houston Rockets,32,2010
3635,Gary Thompson,Gary,Thompson,True,"6'8""",234,PF,1610612765,Detroit Pistons,31,2020
3636,Aaron Grant,Aaron,Grant,True,"6'8""",239,PF/PG,1610612754,Indiana Pacers,29,2010
3637,Eric Collins,Eric,Collins,True,"6'4""",205,SG,1610612738,Boston Celtics,35,2017
3638,Dillon Bridges,Dillon,Bridges,True,"6'7""",230,PF/C,1610612761,Toronto Raptors,29,2017
3639,Bogdan Hayward,Bogdan,Hayward,True,"6'10""",240,PF,1610612761,Toronto Raptors,19,2022
3640,Spencer Schröder,Spencer,Schröder,True,"6'0""",178,PG,1610612754,Indiana Pacers,21,2014
3641,Gordon Green,Gordon,Green,True,"5'10""",196,PG/SF,1610612738,Boston Celtics,19,2010
3642,Wendell Walker,Wendell,Walker,True,"6'2""",179,PG/C,1610612763,Memphis Grizzlies,33,2013
3643,Evan Harris,Evan,Harris,True,"6'3""",197,PG,1610612760,Oklahoma City Thunder,32,2018
3644,Larry Mitchell,Larry,Mitchell,True,"6'2""",192,SG,1610612756,Phoenix Suns,22,2013
3645,Dennis Powell,Dennis,Powell,True,"6'4""",200,SG,1610612753,Orlando Magic,28,2022
3646,Patrick Young,Patrick,Young,True,"6'9""",223,PF,1610612760,Oklahoma City Thunder,21,2021
3647,Malcolm Dinwiddie,Malcolm,Dinwiddie,True,"6'11""",255,C,1610612743,Denver Nuggets,20,2017
3648,Kyle Fournier,Kyle,Fournier,True,"6'4""",200,SF,1610612766,Charlotte Hornets,20,2016
3649,Tyler Mills,Tyler,Mills,True,"6'10""",220,PF,1610612759,San Antonio Spurs,33,2018
3650,Jordan Beasley,Jordan,Beasley,True,"6'7""",234,PF,1610612747,Los Angeles Lakers,29,2023
3651,Isaiah Porter,Isaiah,Porter,True,"6'6""",226,SF,1610612740,New Orleans Pelicans,35,2014
3652,Jalen Jackson,Jalen,Jackson,True,"6'4""",214,SG/C,1610612759,San Antonio Spurs,22,2015
3653,Brandon Gordon,Brandon,Gordon,True,"5'10""",184,PG,1610612759,San Antonio Spurs,32,2016
3654,Malik Lopez,Malik,Lopez,True,"6'10""",271,C,1610612765,Detroit Pistons,23,2014
3655,Marcus Brooks,Marcus,Brooks,True,"6'7""",224,PF/C,1610612750,Minnesota Timberwolves,23,2013
3656,Jared Carter,Jared,Carter,True,"5'11""",189,PG,1610612752,New York Knicks,36,2016
3657,Terry Nance,Terry,Nance,True,"6'0""",186,PG,1610612754,Indiana Pacers,20,2018
3658,Gary Brogdon,Gary,Brogdon,True,"6'4""",200,SF,1610612743,Denver Nuggets,27,2022
3659,Aaron Rozier,Aaron,Rozier,True,"6'4""",228,SF,1610612753,Orlando Magic,26,2011
3660,Eric Robinson,Eric,Robinson,True,"6'10""",237,PF,1610612759,San Antonio Spurs,22,2020
3661,Dillon Thompson,Dillon,Thompson,True,"6'0""",181,PG,1610612743,Denver Nuggets,29,2022
3662,Bogdan Grant,Bogdan,Grant,True,"6'6""",200,SF,1610612743,Denver Nuggets,25,2021
3663,Spencer Collins,Spencer,Collins,True,"6'2""",210,SG,1610612746,Los Angeles Clippers,23,2014
3664,Gordon Bridges,Gordon,Bridges,True,"6'1""",189,PG,1610612743,Denver Nuggets,30,2015
3665,Wendell Hayward,Wendell,Hayward,True,"6'7""",211,SF,1610612756,Phoenix Suns,25,2019
3666,Evan Schröder,Evan,Schröder,True,"6'11""",257,C,1610612737,Atlanta Hawks,29,2021
3667,Larry Green,Larry,Green,True,"6'11""",275,C,1610612744,Golden State Warriors,21,2018
3668,Dennis Walker,Dennis,Walker,True,"6'0""",178,PG,1610612754,Indiana Pacers,28,2017
3669,Patrick Harris,Patrick,Harris,True,"6'5""",214,SF,1610612754,Indiana Pacers,19,2015
3670,Malcolm Mitchell,Malcolm,Mitchell,True,"6'9""",244,PF,1610612739,Cleveland Cavaliers,29,2014
3671,Kyle Powell,Kyle,Powell,True,"7'0""",262,C/PG,1610612749,Milwaukee Bucks,28,2010
3672,Tyler Young,Tyler,Young,True,"6'3""",203,SG,1610612748,Miami Heat,36,2024
3673,Jordan Dinwiddie,Jordan,Dinwiddie,True,"6'10""",278,C/SF,1610612763,Memphis Grizzlies,32,2024
3674,Isaiah Fournier,Isaiah,Fournier,True,"6'3""",199,SG,1610612744,Golden State Warriors,28,2013
3675,Jalen Mills,Jalen,Mills,True,"6'9""",222,PF/SG,1610612751,Brooklyn Nets,28,2024
3676,Brandon Beasley,Brandon,Beasley,True,"6'5""",212,SG/SF,1610612758,Sacramento Kings,25,2023
3677,Malik Porter,Malik,Porter,True,"6'3""",179,PG,1610612764,Washington Wizards,21,2021
3678,Marcus Jackson,Marcus,Jackson,True,"6'3""",212,SG,1610612766,Charlotte Hornets,31,2019
3679,Jared Gordon,Jared,Gordon,True,"6'9""",227,PF,1610612763,Memphis Grizzlies,19,2016
3680,Terry Lopez,Terry,Lopez,True,"6'10""",250,C,1610612756,Phoenix Suns,34,2013
3681,Gary Brooks,Gary,Brooks,True,"6'10""",253,C,1610612762,Utah Jazz,28,2022
3682,Aaron Carter,Aaron,Carter,True,"6'8""",224,PF,1610612743,Denver Nuggets,29,2018
3683,Eric Nance,Eric,Nance,True,"6'4""",205,SG,1610612752,New York Knicks,30,2014
3684,Dillon Brogdon,Dillon,Brogdon,True,"6'10""",249,PF,1610612748,Miami Heat,36,2019
3685,Bogdan Rozier,Bogdan,Rozier,True,"6'2""",189,PG/SF,1610612761,Toronto Raptors,20,2014
3686,Spencer Robinson,Spencer,Robinson,True,"6'5""",213,SG,1610612764,Washington Wizards,24,2024
3687,Gordon Thompson,Gordon,Thompson,True,"5'10""",193,PG,1610612759,San Antonio Spurs,24,2012
3688,Wendell Grant,Wendell,Grant,True,"6'8""",222,SF/C,1610612739,Cleveland Cavaliers,32,2023
3689,Evan Collins,Evan,Collins,True,"6'0""",185,PG,1610612743,Denver Nuggets,30,2020
3690,Larry Bridges,Larry,Bridges,True,"6'9""",271,C,1610612762,Utah Jazz,26,2023
3691,Dennis Hayward,Dennis,Hayward,True,"6'8""",216,SF,1610612743,Denver Nuggets,29,2016
3692,Patrick Schröder,Patrick,Schröder,True,"7'2""",283,C,1610612745,Houston Rockets,26,2019
3693,Malcolm Green,Malcolm,Green,True,"5'11""",175,PG,1610612746,Los Angeles Clippers,22,2019
3694,Kyle Walker,Kyle,Walker,True,"6'11""",266,C/SF,1610612755,Philadelphia 76ers,31,2016
3695,Tyler Harris,Tyler,Harris,True,"6'9""",238,PF,1610612758,Sacramento Kings,20,2021
3696,Jordan Mitchell,Jordan,Mitchell,True,"6'9""",249,PF/SF,1610612744,Golden State Warriors,21,2016
3697,Isaiah Powell,Isaiah,Powell,True,"6'7""",245,PF,1610612748,Miami Heat,32,2013
3698,Jalen Young,Jalen,Young,True,"6'6""",227,SF,1610612747,Los Angeles Lakers,23,2017
3699,Brandon Dinwiddie,Brandon,Dinwiddie,True,"6'10""",231,PF,1610612743,Denver Nuggets,31,2017
